{"stats":{"minecraft:mined":{"minecraft:cut_sandstone":1,"minecraft:mossy_cobblestone":2,"duneons:bigferncreeperwoods":1,"minecraft:cornflower":1,"minecraft:grass_block":20,"minecraft:tall_grass":4,"minecraft:cobblestone":1,"minecraft:spawner":3,"duneons:popflower":2,"duneons:creeperwoodstallgrass":33,"minecraft:grass":38,"minecraft:iron_bars":4,"minecraft:dirt":4,"minecraft:pink_tulip":1},"minecraft:killed":{"duneons:zombievangruard":1,"minecraft:salmon":3,"minecraft:spider":1,"minecraft:skeleton":1,"minecraft:zombie":16},"minecraft:used":{"minecraft:iron_bars":3,"minecraft:stone_pickaxe":4,"minecraft:ender_pearl":2,"minecraft:shield":11,"minecraft:iron_sword":48,"minecraft:diamond_axe":6,"minecraft:rotten_flesh":18,"minecraft:torch":2,"minecraft:salmon":3,"minecraft:golden_apple":6,"minecraft:dirt":16,"minecraft:apple":2,"minecraft:chicken":3,"minecraft:iron_pickaxe":12,"minecraft:diamond_sword":93,"minecraft:cobblestone":19,"minecraft:potato":3},"minecraft:picked_up":{"minecraft:iron_chestplate":4,"minecraft:wheat":4,"minecraft:chicken":3,"minecraft:salmon":3,"minecraft:andesite":12,"minecraft:leather_leggings":2,"minecraft:lead":3,"minecraft:potato":5,"minecraft:enchanted_book":4,"minecraft:potion":6,"minecraft:shield":3,"minecraft:cornflower":2,"minecraft:dirt":41,"minecraft:string":6,"minecraft:iron_axe":3,"minecraft:polished_granite":9,"minecraft:name_tag":4,"minecraft:iron_leggings":5,"minecraft:bone":102,"minecraft:acacia_planks":44,"minecraft:bow":3,"minecraft:wheat_seeds":4,"minecraft:smooth_stone":2,"minecraft:stone_pickaxe":2,"minecraft:iron_ingot":49,"minecraft:iron_ore":35,"minecraft:iron_pickaxe":11,"minecraft:oak_planks":12,"duneons:popflower":1,"minecraft:iron_sword":5,"minecraft:iron_boots":6,"minecraft:stick":4,"minecraft:oak_fence":2,"minecraft:torch":81,"minecraft:porkchop":7,"minecraft:spruce_log":3,"minecraft:redstone":6,"minecraft:mossy_cobblestone":4,"minecraft:tnt":16,"minecraft:diamond_shovel":2,"minecraft:arrow":67,"minecraft:rotten_flesh":32,"minecraft:iron_helmet":5,"minecraft:granite":1,"minecraft:diamond_axe":2,"minecraft:saddle":5,"minecraft:gold_ingot":10,"minecraft:chainmail_helmet":3,"minecraft:mutton":1,"minecraft:coal":125,"minecraft:iron_bars":6,"minecraft:white_wool":2,"minecraft:cobblestone":99},"minecraft:crafted":{"minecraft:spruce_planks":12,"minecraft:iron_helmet":1,"minecraft:iron_chestplate":1,"minecraft:iron_leggings":1},"minecraft:dropped":{"minecraft:iron_boots":1},"minecraft:killed_by":{"minecraft:skeleton":1,"minecraft:creeper":1,"duneons:necromancer":1,"duneons:wraith":1,"mowziesmobs:barakoan_barakoana":1,"mowziesmobs:barakoana":1},"minecraft:custom":{"minecraft:mob_kills":22,"minecraft:interact_with_crafting_table":2,"minecraft:play_one_minute":57458,"minecraft:leave_game":2,"minecraft:time_since_death":9044,"minecraft:climb_one_cm":596,"minecraft:time_since_rest":9088,"minecraft:sprint_one_cm":324720,"minecraft:walk_one_cm":107320,"minecraft:damage_taken":2891,"minecraft:damage_absorbed":241,"minecraft:damage_blocked_by_shield":450,"minecraft:drop":1,"minecraft:damage_dealt":4932,"minecraft:swim_one_cm":24517,"minecraft:fly_one_cm":294307,"minecraft:player_kills":5,"minecraft:open_chest":38,"minecraft:crouch_one_cm":331,"minecraft:deaths":7,"minecraft:sneak_time":69,"minecraft:walk_under_water_one_cm":3055,"minecraft:jump":1407,"minecraft:walk_on_water_one_cm":19909,"minecraft:fall_one_cm":43414}},"DataVersion":2586}