{"stats":{"minecraft:mined":{"minecraft:cut_sandstone":1,"minecraft:mossy_cobblestone":2,"duneons:bigferncreeperwoods":1,"minecraft:grass_block":19,"minecraft:tall_grass":1,"minecraft:cobblestone":1,"minecraft:spawner":3,"duneons:popflower":2,"duneons:creeperwoodstallgrass":33,"minecraft:grass":9,"minecraft:iron_bars":4,"minecraft:dirt":4},"minecraft:killed":{"minecraft:salmon":3,"minecraft:spider":1,"minecraft:skeleton":1,"minecraft:zombie":7},"minecraft:used":{"minecraft:iron_bars":3,"minecraft:stone_pickaxe":4,"minecraft:ender_pearl":2,"minecraft:shield":3,"minecraft:iron_sword":48,"minecraft:diamond_axe":6,"minecraft:rotten_flesh":17,"minecraft:torch":2,"minecraft:salmon":3,"minecraft:golden_apple":2,"minecraft:dirt":16,"minecraft:chicken":3,"minecraft:iron_pickaxe":12,"minecraft:cobblestone":19},"minecraft:picked_up":{"minecraft:iron_chestplate":1,"minecraft:wheat":4,"minecraft:chicken":3,"minecraft:salmon":3,"minecraft:andesite":6,"minecraft:leather_leggings":2,"minecraft:lead":1,"minecraft:enchanted_book":4,"minecraft:potion":4,"minecraft:cornflower":1,"minecraft:dirt":32,"minecraft:string":4,"minecraft:iron_axe":1,"minecraft:polished_granite":9,"minecraft:name_tag":4,"minecraft:iron_leggings":1,"minecraft:bone":102,"minecraft:acacia_planks":22,"minecraft:bow":3,"minecraft:wheat_seeds":1,"minecraft:smooth_stone":1,"minecraft:stone_pickaxe":2,"minecraft:iron_ingot":14,"minecraft:iron_ore":35,"minecraft:iron_pickaxe":4,"duneons:popflower":1,"minecraft:iron_sword":2,"minecraft:iron_boots":4,"minecraft:oak_fence":1,"minecraft:torch":49,"minecraft:porkchop":7,"minecraft:spruce_log":3,"minecraft:redstone":6,"minecraft:mossy_cobblestone":2,"minecraft:diamond_shovel":2,"minecraft:arrow":1,"minecraft:rotten_flesh":11,"minecraft:iron_helmet":1,"minecraft:granite":1,"minecraft:diamond_axe":2,"minecraft:saddle":5,"minecraft:chainmail_helmet":3,"minecraft:coal":39,"minecraft:iron_bars":4,"minecraft:cobblestone":9},"minecraft:crafted":{"minecraft:spruce_planks":12,"minecraft:iron_helmet":1,"minecraft:iron_chestplate":1,"minecraft:iron_leggings":1},"minecraft:dropped":{"minecraft:iron_boots":1},"minecraft:killed_by":{"minecraft:skeleton":1,"minecraft:creeper":1,"duneons:necromancer":1,"duneons:wraith":1,"mowziesmobs:barakoana":1},"minecraft:custom":{"minecraft:mob_kills":12,"minecraft:interact_with_crafting_table":2,"minecraft:play_one_minute":45458,"minecraft:leave_game":2,"minecraft:time_since_death":883,"minecraft:climb_one_cm":596,"minecraft:time_since_rest":953,"minecraft:sprint_one_cm":263836,"minecraft:walk_one_cm":89179,"minecraft:damage_taken":2134,"minecraft:damage_absorbed":80,"minecraft:damage_blocked_by_shield":170,"minecraft:drop":1,"minecraft:damage_dealt":2296,"minecraft:swim_one_cm":5552,"minecraft:fly_one_cm":192126,"minecraft:player_kills":2,"minecraft:open_chest":37,"minecraft:crouch_one_cm":331,"minecraft:deaths":6,"minecraft:sneak_time":69,"minecraft:walk_under_water_one_cm":2416,"minecraft:jump":983,"minecraft:walk_on_water_one_cm":4744,"minecraft:fall_one_cm":34642}},"DataVersion":2586}