{"stats":{"minecraft:mined":{"duneons:bigferncreeperwoods":1,"minecraft:grass":1,"duneons:creeperwoodstallgrass":1},"minecraft:custom":{"minecraft:jump":95,"minecraft:time_since_rest":3654,"minecraft:damage_dealt":10,"minecraft:crouch_one_cm":59,"minecraft:play_one_minute":3654,"minecraft:sprint_one_cm":8681,"minecraft:damage_taken":50,"minecraft:time_since_death":3654,"minecraft:walk_one_cm":3284,"minecraft:sneak_time":8,"minecraft:fall_one_cm":2286,"minecraft:fly_one_cm":14570}},"DataVersion":2586}