{"stats":{"minecraft:mined":{"minecraft:grass":6,"minecraft:grass_block":18,"duneons:popflower":2,"duneons:bigferncreeperwoods":1,"minecraft:tall_grass":1,"duneons:creeperwoodstallgrass":33},"minecraft:killed_by":{"minecraft:skeleton":1},"minecraft:used":{"minecraft:dirt":14},"minecraft:custom":{"minecraft:open_chest":10,"minecraft:time_since_rest":10122,"minecraft:play_one_minute":15654,"minecraft:crouch_one_cm":144,"minecraft:sprint_one_cm":67816,"minecraft:walk_one_cm":18096,"minecraft:damage_taken":269,"minecraft:deaths":1,"minecraft:sneak_time":18,"minecraft:jump":336,"minecraft:damage_dealt":10,"minecraft:walk_on_water_one_cm":224,"minecraft:time_since_death":10092,"minecraft:fall_one_cm":14124,"minecraft:fly_one_cm":71808},"minecraft:picked_up":{"minecraft:wheat_seeds":1,"minecraft:enchanted_book":1,"duneons:popflower":1,"minecraft:dirt":18}},"DataVersion":2586}