{"stats":{"minecraft:mined":{"minecraft:cut_sandstone":1,"minecraft:white_bed":1,"minecraft:mossy_cobblestone":2,"duneons:bigferncreeperwoods":1,"minecraft:cornflower":1,"minecraft:grass_block":20,"minecraft:tall_grass":5,"minecraft:cobblestone":1,"minecraft:spawner":3,"minecraft:hay_block":5,"duneons:popflower":2,"minecraft:yellow_bed":1,"duneons:creeperwoodstallgrass":33,"minecraft:grass":39,"minecraft:iron_bars":4,"minecraft:sand":2,"minecraft:dirt":4,"minecraft:pink_tulip":1},"minecraft:killed":{"duneons:zombievangruard":1,"minecraft:salmon":3,"minecraft:spider":1,"duneons:wraith":1,"minecraft:skeleton":1,"minecraft:zombie":16},"minecraft:used":{"minecraft:iron_bars":3,"minecraft:stone_pickaxe":4,"minecraft:ender_pearl":3,"minecraft:shield":12,"minecraft:iron_sword":48,"minecraft:diamond_axe":6,"minecraft:rotten_flesh":33,"minecraft:torch":2,"minecraft:salmon":3,"minecraft:golden_apple":6,"minecraft:dirt":16,"minecraft:apple":2,"minecraft:chicken":3,"minecraft:bread":4,"minecraft:iron_pickaxe":12,"minecraft:diamond_sword":108,"minecraft:cobblestone":19,"minecraft:potato":7},"minecraft:picked_up":{"minecraft:iron_chestplate":4,"minecraft:wheat":4,"minecraft:chicken":3,"minecraft:salmon":3,"minecraft:andesite":12,"minecraft:leather_leggings":2,"minecraft:lead":3,"minecraft:potato":5,"minecraft:enchanted_book":4,"minecraft:potion":6,"minecraft:yellow_bed":1,"minecraft:shield":3,"minecraft:cornflower":2,"minecraft:dirt":41,"minecraft:string":6,"minecraft:iron_axe":3,"minecraft:polished_granite":9,"minecraft:name_tag":4,"minecraft:iron_leggings":5,"minecraft:bone":102,"minecraft:acacia_planks":44,"minecraft:stone_bricks":2,"minecraft:bow":3,"minecraft:wheat_seeds":4,"minecraft:smooth_stone":2,"minecraft:stone_pickaxe":2,"minecraft:iron_ingot":49,"minecraft:iron_ore":35,"minecraft:iron_pickaxe":11,"minecraft:oak_planks":12,"duneons:popflower":1,"minecraft:iron_sword":5,"minecraft:iron_boots":6,"minecraft:stick":4,"minecraft:oak_fence":2,"minecraft:torch":81,"minecraft:porkchop":7,"minecraft:spruce_log":3,"minecraft:redstone":6,"minecraft:mossy_cobblestone":4,"minecraft:tnt":16,"minecraft:diamond_shovel":2,"minecraft:arrow":67,"minecraft:rotten_flesh":32,"minecraft:hay_block":5,"minecraft:iron_helmet":5,"minecraft:granite":1,"minecraft:diamond_axe":2,"minecraft:saddle":5,"minecraft:gold_ingot":10,"minecraft:chainmail_helmet":3,"minecraft:mutton":1,"minecraft:coal":125,"minecraft:iron_bars":6,"minecraft:white_wool":2,"minecraft:cobblestone":99},"minecraft:crafted":{"minecraft:spruce_planks":12,"minecraft:iron_helmet":1,"minecraft:bread":15,"minecraft:iron_chestplate":1,"minecraft:iron_leggings":1,"minecraft:wheat":37},"minecraft:dropped":{"minecraft:iron_boots":1,"minecraft:iron_chestplate":1},"minecraft:killed_by":{"minecraft:skeleton":1,"minecraft:creeper":1,"duneons:necromancer":1,"duneons:wraith":1,"mowziesmobs:barakoan_barakoana":1,"mowziesmobs:barakoana":1},"minecraft:custom":{"minecraft:mob_kills":23,"minecraft:interact_with_crafting_table":3,"minecraft:play_one_minute":69458,"minecraft:leave_game":2,"minecraft:time_since_death":21044,"minecraft:sleep_in_bed":1,"minecraft:climb_one_cm":1584,"minecraft:time_since_rest":11924,"minecraft:sprint_one_cm":427073,"minecraft:walk_one_cm":124638,"minecraft:damage_taken":3237,"minecraft:damage_absorbed":241,"minecraft:damage_blocked_by_shield":740,"minecraft:drop":2,"minecraft:damage_dealt":5222,"minecraft:swim_one_cm":24517,"minecraft:fly_one_cm":340625,"minecraft:player_kills":5,"minecraft:open_chest":39,"minecraft:crouch_one_cm":331,"minecraft:deaths":7,"minecraft:sneak_time":69,"minecraft:walk_under_water_one_cm":3055,"minecraft:jump":1645,"minecraft:walk_on_water_one_cm":20400,"minecraft:fall_one_cm":52177}},"DataVersion":2586}