{"stats":{"minecraft:mined":{"minecraft:dark_oak_planks":2,"minecraft:white_bed":1,"minecraft:mossy_cobblestone":2,"duneons:bigferncreeperwoods":4,"minecraft:dark_oak_log":2,"minecraft:grass_block":56,"duneons:peonydied":2,"minecraft:spawner":4,"minecraft:hay_block":33,"duneons:biggrasscreeper":2,"duneons:books":2,"minecraft:dark_oak_stairs":3,"minecraft:vine":1,"minecraft:iron_bars":4,"duneons:mossendirt":1,"duneons:chandelier":1,"minecraft:pink_tulip":1,"duneons:bridgeplanks":3,"minecraft:stone":8,"minecraft:cut_sandstone":1,"minecraft:glass_pane":2,"duneons:latticebriker":9,"minecraft:stone_brick_slab":4,"duneons:shield_johan":1,"minecraft:cornflower":1,"minecraft:poppy":1,"duneons:ferncreeperwoods":3,"minecraft:cobblestone":18,"minecraft:tall_grass":13,"minecraft:oak_planks":1,"minecraft:wall_torch":1,"duneons:floorboards":8,"duneons:popflower":2,"minecraft:birch_leaves":3,"minecraft:stone_brick_stairs":3,"minecraft:yellow_bed":1,"minecraft:grass_path":1,"duneons:creeperwoodstallgrass":53,"minecraft:grass":69,"duneons:flowerpatch":1,"minecraft:dirt":63,"minecraft:sand":2,"minecraft:stone_bricks":80,"minecraft:oak_leaves":15},"minecraft:killed":{"duneons:zombievangruard":1,"minecraft:spider":3,"duneons:wraith":1,"minecraft:skeleton":1,"minecraft:pig":1,"minecraft:salmon":3,"duneons:blue_pillagerarmorer":3,"mowziesmobs:lantern":1,"minecraft:zombie":19,"iceandfire:ghost":4},"minecraft:used":{"minecraft:iron_bars":3,"minecraft:shield":14,"minecraft:iron_sword":48,"minecraft:rotten_flesh":33,"minecraft:torch":11,"minecraft:dirt":52,"mowziesmobs:glowing_jelly":1,"minecraft:iron_axe":30,"minecraft:stone_bricks":2,"minecraft:oak_sapling":1,"minecraft:egg":1,"minecraft:potato":7,"minecraft:stone_pickaxe":4,"minecraft:ender_pearl":4,"minecraft:diamond_axe":6,"minecraft:salmon":3,"minecraft:golden_apple":8,"minecraft:diamond_pickaxe":139,"minecraft:apple":2,"minecraft:diamond_shovel":104,"minecraft:chicken":3,"minecraft:bread":13,"minecraft:iron_pickaxe":12,"minecraft:diamond_sword":245,"minecraft:cobblestone":24},"minecraft:picked_up":{"minecraft:wooden_axe":2,"minecraft:iron_chestplate":4,"minecraft:wheat":4,"minecraft:chicken":4,"minecraft:leather_leggings":2,"minecraft:lead":3,"minecraft:wooden_pickaxe":2,"minecraft:potion":8,"mowziesmobs:glowing_jelly":2,"minecraft:enchanted_book":4,"minecraft:shield":3,"minecraft:cornflower":2,"minecraft:string":11,"minecraft:iron_axe":3,"minecraft:iron_leggings":5,"minecraft:smooth_stone":2,"minecraft:iron_pickaxe":12,"duneons:popflower":1,"minecraft:iron_boots":7,"minecraft:egg":4,"minecraft:stick":55,"minecraft:oak_fence":2,"minecraft:torch":89,"minecraft:porkchop":14,"minecraft:redstone":6,"minecraft:dark_oak_planks":124,"minecraft:tnt":16,"minecraft:arrow":73,"minecraft:rotten_flesh":34,"minecraft:hay_block":33,"minecraft:saddle":5,"minecraft:gold_ingot":10,"minecraft:mutton":1,"minecraft:iron_bars":6,"minecraft:cobblestone":118,"minecraft:white_wool":4,"minecraft:lime_bed":1,"minecraft:andesite":12,"minecraft:salmon":3,"minecraft:potato":5,"minecraft:yellow_bed":1,"minecraft:dirt":88,"minecraft:polished_granite":9,"minecraft:name_tag":4,"minecraft:bone":102,"minecraft:acacia_planks":44,"minecraft:stone_bricks":4,"minecraft:apple":2,"duneons:mossendirt":4,"minecraft:bow":5,"minecraft:wheat_seeds":7,"minecraft:iron_ingot":49,"minecraft:stone_pickaxe":2,"minecraft:iron_ore":35,"minecraft:iron_sword":6,"minecraft:oak_planks":12,"minecraft:dark_oak_stairs":1,"minecraft:sand":1,"minecraft:ink_sac":3,"minecraft:spruce_log":3,"minecraft:grass_block":27,"minecraft:fermented_spider_eye":1,"minecraft:mossy_cobblestone":4,"minecraft:diamond_shovel":3,"minecraft:iron_helmet":5,"minecraft:diamond_axe":2,"minecraft:granite":1,"minecraft:chainmail_helmet":3,"minecraft:oak_sapling":4,"minecraft:stripped_dark_oak_log":1,"minecraft:coal":125},"minecraft:crafted":{"minecraft:wheat":37,"minecraft:spruce_planks":12,"minecraft:iron_helmet":1,"minecraft:bread":15,"minecraft:iron_chestplate":1,"minecraft:iron_leggings":1},"minecraft:dropped":{"minecraft:iron_sword":2,"minecraft:dark_oak_stairs":1,"minecraft:wheat_seeds":2,"minecraft:iron_helmet":1,"duneons:mossendirt":4,"minecraft:grass_block":27,"minecraft:ink_sac":3,"minecraft:mutton":1,"minecraft:wooden_axe":2,"minecraft:potion":1,"minecraft:sand":1,"minecraft:iron_pickaxe":1,"minecraft:string":5,"minecraft:fermented_spider_eye":1,"minecraft:dark_oak_planks":62,"minecraft:white_wool":4,"minecraft:stripped_dark_oak_log":1,"minecraft:chicken":1,"minecraft:iron_boots":3,"minecraft:oak_planks":12,"minecraft:lime_bed":1,"minecraft:shield":1,"minecraft:iron_chestplate":1,"minecraft:stone_bricks":2,"minecraft:iron_bars":1,"minecraft:bow":1,"minecraft:wooden_pickaxe":2,"minecraft:egg":1},"minecraft:killed_by":{"minecraft:creeper":1,"minecraft:iron_golem":1,"minecraft:skeleton":1,"duneons:necromancer":1,"duneons:wraith":1,"mowziesmobs:barakoan_barakoana":1,"mowziesmobs:barakoana":1},"minecraft:custom":{"minecraft:mob_kills":40,"minecraft:interact_with_crafting_table":3,"minecraft:leave_game":3,"minecraft:time_since_death":456,"minecraft:climb_one_cm":1584,"minecraft:sprint_one_cm":550336,"minecraft:walk_one_cm":187457,"minecraft:damage_blocked_by_shield":1000,"minecraft:drop":36,"minecraft:deaths":11,"minecraft:sneak_time":80,"minecraft:walk_under_water_one_cm":4511,"minecraft:jump":2781,"minecraft:walk_on_water_one_cm":25552,"minecraft:play_one_minute":105755,"minecraft:sleep_in_bed":1,"minecraft:time_since_rest":486,"minecraft:damage_taken":5922,"minecraft:damage_absorbed":321,"minecraft:trigger_trapped_chest":4,"minecraft:damage_dealt":11360,"minecraft:player_kills":6,"minecraft:swim_one_cm":33214,"minecraft:fly_one_cm":545215,"minecraft:open_chest":43,"minecraft:crouch_one_cm":388,"minecraft:fall_one_cm":95952}},"DataVersion":2586}