{"stats":{"minecraft:mined":{"duneons:popflower":2,"duneons:bigferncreeperwoods":1,"duneons:creeperwoodstallgrass":33,"minecraft:grass":6,"minecraft:grass_block":18,"minecraft:dirt":4,"minecraft:tall_grass":1},"minecraft:killed_by":{"duneons:necromancer":1,"minecraft:skeleton":1,"minecraft:creeper":1},"minecraft:used":{"minecraft:chicken":3,"minecraft:stone_pickaxe":4,"minecraft:iron_sword":7,"minecraft:diamond_axe":6,"minecraft:rotten_flesh":2,"minecraft:salmon":3,"minecraft:dirt":16},"minecraft:custom":{"minecraft:time_since_rest":615,"minecraft:sprint_one_cm":163209,"minecraft:damage_taken":1174,"minecraft:walk_one_cm":57507,"minecraft:mob_kills":5,"minecraft:damage_dealt":648,"minecraft:fly_one_cm":105627,"minecraft:open_chest":19,"minecraft:crouch_one_cm":144,"minecraft:play_one_minute":27654,"minecraft:deaths":4,"minecraft:sneak_time":18,"minecraft:walk_under_water_one_cm":2187,"minecraft:jump":569,"minecraft:time_since_death":559,"minecraft:walk_on_water_one_cm":1679,"minecraft:climb_one_cm":360,"minecraft:fall_one_cm":22013},"minecraft:killed":{"minecraft:zombie":1,"minecraft:salmon":3,"minecraft:spider":1},"minecraft:picked_up":{"minecraft:wheat":4,"minecraft:chicken":3,"minecraft:salmon":3,"minecraft:leather_leggings":2,"minecraft:torch":12,"minecraft:enchanted_book":4,"minecraft:potion":4,"minecraft:spruce_log":3,"minecraft:redstone":6,"minecraft:string":1,"minecraft:dirt":32,"minecraft:polished_granite":6,"minecraft:name_tag":4,"minecraft:diamond_shovel":2,"minecraft:bone":68,"minecraft:rotten_flesh":1,"minecraft:bow":2,"minecraft:wheat_seeds":1,"minecraft:diamond_axe":2,"minecraft:stone_pickaxe":2,"minecraft:iron_ore":18,"minecraft:saddle":4,"minecraft:chainmail_helmet":2,"duneons:popflower":1,"minecraft:iron_sword":2,"minecraft:iron_boots":2},"minecraft:crafted":{"minecraft:spruce_planks":12}},"DataVersion":2586}