{"stats":{"minecraft:mined":{"minecraft:dark_oak_planks":2,"minecraft:cut_sandstone":1,"minecraft:glass_pane":1,"minecraft:white_bed":1,"minecraft:mossy_cobblestone":2,"duneons:bigferncreeperwoods":1,"minecraft:dark_oak_log":2,"minecraft:poppy":1,"minecraft:cornflower":1,"minecraft:grass_block":27,"minecraft:tall_grass":7,"minecraft:cobblestone":6,"minecraft:spawner":3,"minecraft:hay_block":30,"duneons:popflower":2,"duneons:books":1,"minecraft:dark_oak_stairs":3,"minecraft:grass_path":1,"minecraft:yellow_bed":1,"duneons:creeperwoodstallgrass":33,"minecraft:grass":59,"duneons:mossendirt":1,"minecraft:iron_bars":4,"minecraft:sand":2,"minecraft:dirt":18,"duneons:chandelier":1,"minecraft:pink_tulip":1,"minecraft:stone_bricks":3,"minecraft:oak_leaves":4},"minecraft:killed":{"duneons:zombievangruard":1,"minecraft:salmon":3,"minecraft:spider":3,"duneons:wraith":1,"mowziesmobs:lantern":1,"minecraft:skeleton":1,"minecraft:zombie":17},"minecraft:used":{"minecraft:iron_bars":3,"minecraft:stone_pickaxe":4,"minecraft:ender_pearl":3,"minecraft:shield":14,"minecraft:iron_sword":48,"minecraft:diamond_axe":6,"minecraft:rotten_flesh":33,"minecraft:torch":7,"minecraft:salmon":3,"minecraft:golden_apple":6,"minecraft:dirt":32,"mowziesmobs:glowing_jelly":1,"minecraft:diamond_pickaxe":15,"minecraft:apple":2,"minecraft:diamond_shovel":34,"minecraft:iron_axe":12,"minecraft:chicken":3,"minecraft:bread":10,"minecraft:iron_pickaxe":12,"minecraft:stone_bricks":2,"minecraft:diamond_sword":158,"minecraft:cobblestone":19,"minecraft:potato":7},"minecraft:picked_up":{"minecraft:wooden_axe":2,"minecraft:lime_bed":1,"minecraft:iron_chestplate":4,"minecraft:wheat":4,"minecraft:chicken":4,"minecraft:salmon":3,"minecraft:andesite":12,"minecraft:leather_leggings":2,"minecraft:lead":3,"minecraft:wooden_pickaxe":2,"minecraft:potato":5,"mowziesmobs:glowing_jelly":2,"minecraft:enchanted_book":4,"minecraft:potion":8,"minecraft:yellow_bed":1,"minecraft:shield":3,"minecraft:cornflower":2,"minecraft:dirt":53,"minecraft:string":11,"minecraft:iron_axe":3,"minecraft:polished_granite":9,"minecraft:name_tag":4,"minecraft:iron_leggings":5,"minecraft:bone":102,"duneons:mossendirt":4,"minecraft:acacia_planks":44,"minecraft:apple":2,"minecraft:stone_bricks":3,"minecraft:bow":5,"minecraft:wheat_seeds":4,"minecraft:smooth_stone":2,"minecraft:stone_pickaxe":2,"minecraft:iron_ingot":49,"minecraft:iron_ore":35,"minecraft:iron_pickaxe":12,"minecraft:oak_planks":12,"duneons:popflower":1,"minecraft:iron_sword":6,"minecraft:dark_oak_stairs":1,"minecraft:egg":1,"minecraft:iron_boots":7,"minecraft:stick":53,"minecraft:oak_fence":2,"minecraft:torch":88,"minecraft:sand":1,"minecraft:porkchop":11,"minecraft:ink_sac":3,"minecraft:grass_block":4,"minecraft:spruce_log":3,"minecraft:fermented_spider_eye":1,"minecraft:redstone":6,"minecraft:mossy_cobblestone":4,"minecraft:dark_oak_planks":124,"minecraft:tnt":16,"minecraft:diamond_shovel":2,"minecraft:arrow":73,"minecraft:rotten_flesh":32,"minecraft:hay_block":30,"minecraft:iron_helmet":5,"minecraft:granite":1,"minecraft:diamond_axe":2,"minecraft:saddle":5,"minecraft:gold_ingot":10,"minecraft:chainmail_helmet":3,"minecraft:stripped_dark_oak_log":1,"minecraft:mutton":1,"minecraft:coal":125,"minecraft:iron_bars":6,"minecraft:white_wool":4,"minecraft:cobblestone":105},"minecraft:crafted":{"minecraft:spruce_planks":12,"minecraft:iron_helmet":1,"minecraft:bread":15,"minecraft:iron_chestplate":1,"minecraft:iron_leggings":1,"minecraft:wheat":37},"minecraft:dropped":{"minecraft:iron_sword":2,"minecraft:dark_oak_stairs":1,"minecraft:iron_helmet":1,"duneons:mossendirt":4,"minecraft:stripped_dark_oak_log":1,"minecraft:chicken":1,"minecraft:oak_planks":12,"minecraft:iron_boots":3,"minecraft:lime_bed":1,"minecraft:ink_sac":3,"minecraft:mutton":1,"minecraft:iron_chestplate":1,"minecraft:wooden_axe":2,"minecraft:potion":1,"minecraft:stone_bricks":1,"minecraft:sand":1,"minecraft:iron_bars":1,"minecraft:bow":1,"minecraft:wooden_pickaxe":2,"minecraft:iron_pickaxe":1,"minecraft:dark_oak_planks":62,"minecraft:fermented_spider_eye":1,"minecraft:string":5,"minecraft:white_wool":4,"minecraft:egg":1},"minecraft:killed_by":{"minecraft:skeleton":1,"minecraft:creeper":1,"duneons:necromancer":1,"duneons:wraith":1,"mowziesmobs:barakoan_barakoana":1,"mowziesmobs:barakoana":1},"minecraft:custom":{"minecraft:mob_kills":30,"minecraft:interact_with_crafting_table":3,"minecraft:play_one_minute":81458,"minecraft:leave_game":2,"minecraft:time_since_death":33044,"minecraft:sleep_in_bed":1,"minecraft:climb_one_cm":1584,"minecraft:time_since_rest":23924,"minecraft:sprint_one_cm":464713,"minecraft:walk_one_cm":142835,"minecraft:damage_taken":3532,"minecraft:damage_absorbed":241,"minecraft:damage_blocked_by_shield":1000,"minecraft:drop":31,"minecraft:damage_dealt":6528,"minecraft:swim_one_cm":25630,"minecraft:fly_one_cm":382778,"minecraft:player_kills":6,"minecraft:open_chest":40,"minecraft:crouch_one_cm":331,"minecraft:deaths":7,"minecraft:sneak_time":72,"minecraft:walk_under_water_one_cm":3497,"minecraft:jump":1887,"minecraft:walk_on_water_one_cm":21069,"minecraft:fall_one_cm":59066}},"DataVersion":2586}