{"stats":{"minecraft:mined":{"minecraft:dark_oak_planks":7,"minecraft:spruce_planks":18,"minecraft:mossy_cobblestone":6,"duneons:bigferncreeperwoods":1,"minecraft:dark_oak_log":42,"duneons:spideregg":12,"minecraft:yellow_carpet":1,"duneons:peonydied":4,"minecraft:chiseled_stone_bricks":2,"minecraft:spawner":17,"minecraft:hay_block":1,"duneons:biggrasscreeper":1,"minecraft:furnace":2,"minecraft:mossy_cobblestone_stairs":1,"minecraft:iron_ore":10,"minecraft:andesite":1,"minecraft:mossy_stone_brick_stairs":1,"minecraft:bookshelf":1,"minecraft:vine":11,"minecraft:iron_bars":18,"minecraft:stone":55,"minecraft:redstone_block":2,"minecraft:stripped_dark_oak_log":3,"minecraft:crafting_table":2,"minecraft:cornflower":1,"minecraft:torch":2,"minecraft:poppy":1,"minecraft:campfire":1,"minecraft:tall_grass":12,"minecraft:cobblestone":17,"duneons:smalltallgrasscreeperwoods":1,"minecraft:wall_torch":2,"minecraft:birch_planks":9,"minecraft:lime_bed":5,"minecraft:birch_log":12,"minecraft:wheat":2,"minecraft:lilac":1,"minecraft:birch_leaves":3,"minecraft:stone_brick_stairs":3,"duneons:creeperwoodstallgrass":41,"minecraft:grass":74,"minecraft:coal_ore":42,"minecraft:dirt":1,"minecraft:cracked_stone_bricks":7,"minecraft:stone_bricks":3,"minecraft:polished_andesite":33,"minecraft:mossy_stone_bricks":12,"minecraft:oak_leaves":1},"minecraft:killed_by":{"minecraft:player":1,"minecraft:creeper":2,"minecraft:zombie":4},"minecraft:dropped":{"minecraft:iron_sword":4,"minecraft:birch_planks":29,"minecraft:wheat_seeds":9,"minecraft:golden_pickaxe":3,"minecraft:mossy_cobblestone":1,"minecraft:glass_bottle":2,"minecraft:iron_helmet":1,"minecraft:cobblestone":11,"minecraft:lead":1,"minecraft:book":3,"minecraft:apple":4,"minecraft:cracked_stone_bricks":3,"minecraft:chainmail_helmet":5,"minecraft:coal":41,"minecraft:flint":1,"minecraft:polished_andesite":20,"minecraft:torch":4,"minecraft:wooden_axe":1,"minecraft:melon_slice":3,"minecraft:potion":2,"minecraft:wooden_sword":2,"minecraft:polished_andesite_stairs":1,"minecraft:chainmail_leggings":4,"minecraft:redstone":6,"minecraft:furnace":1,"minecraft:cooked_chicken":24,"minecraft:stone_sword":4,"minecraft:stripped_dark_oak_log":2,"minecraft:oak_planks":25,"minecraft:chainmail_chestplate":3,"duneons:spideregg":20,"minecraft:stone":5,"minecraft:shield":4,"minecraft:diamond_pickaxe":1,"minecraft:charcoal":3,"minecraft:mossy_stone_bricks":5,"minecraft:chainmail_boots":1,"minecraft:spider_eye":2,"minecraft:iron_bars":4,"minecraft:arrow":1,"minecraft:wooden_pickaxe":4,"minecraft:stone_pickaxe":4},"minecraft:custom":{"minecraft:mob_kills":81,"minecraft:interact_with_crafting_table":34,"minecraft:leave_game":2,"minecraft:time_since_death":15929,"minecraft:climb_one_cm":8282,"minecraft:sprint_one_cm":450262,"minecraft:walk_one_cm":595194,"minecraft:damage_blocked_by_shield":1685,"minecraft:drop":97,"minecraft:deaths":7,"minecraft:sneak_time":2048,"minecraft:walk_under_water_one_cm":593,"minecraft:jump":1230,"minecraft:walk_on_water_one_cm":1615,"minecraft:interact_with_furnace":9,"minecraft:play_one_minute":149380,"minecraft:sleep_in_bed":7,"minecraft:time_since_rest":7180,"minecraft:damage_absorbed":79,"minecraft:damage_taken":6513,"minecraft:damage_dealt":13686,"minecraft:swim_one_cm":1512,"minecraft:fly_one_cm":111615,"minecraft:player_kills":7,"minecraft:open_chest":82,"minecraft:crouch_one_cm":6139,"minecraft:fall_one_cm":18381},"minecraft:used":{"minecraft:stone_sword":6,"minecraft:spruce_planks":49,"minecraft:chest":1,"minecraft:shield":39,"minecraft:iron_sword":285,"minecraft:cooked_chicken":34,"minecraft:rotten_flesh":20,"minecraft:torch":94,"minecraft:dirt":3,"minecraft:carrot":10,"minecraft:dark_oak_planks":36,"minecraft:wooden_axe":53,"minecraft:iron_axe":37,"minecraft:furnace":2,"minecraft:egg":3,"minecraft:cooked_beef":7,"minecraft:mossy_stone_bricks":1,"minecraft:birch_planks":13,"minecraft:polished_andesite":84,"minecraft:stone_pickaxe":177,"minecraft:baked_potato":11,"minecraft:wooden_pickaxe":5,"minecraft:golden_apple":2,"minecraft:crafting_table":7,"minecraft:lime_bed":5,"minecraft:apple":4,"minecraft:dark_oak_log":8,"minecraft:melon_slice":6,"minecraft:bread":3,"minecraft:iron_pickaxe":79,"minecraft:stone_button":1,"minecraft:stone_axe":171,"minecraft:cobblestone":39,"minecraft:potion":2,"minecraft:golden_pickaxe":3},"minecraft:killed":{"minecraft:cave_spider":7,"minecraft:spider":13,"minecraft:skeleton":8,"minecraft:zombie":38,"minecraft:stray":3,"minecraft:wither_skeleton":2},"minecraft:crafted":{"minecraft:furnace":1,"minecraft:stone_button":1,"minecraft:stone":1,"minecraft:iron_axe":1,"minecraft:stone_pickaxe":1,"minecraft:chest":1,"minecraft:dark_oak_planks":122,"minecraft:wheat":9,"minecraft:crafting_table":5,"minecraft:baked_potato":7,"minecraft:wooden_pickaxe":1,"minecraft:iron_sword":1,"minecraft:birch_planks":48,"minecraft:stone_axe":1,"minecraft:bread":3,"minecraft:stick":8,"minecraft:iron_pickaxe":1,"minecraft:wooden_axe":1,"minecraft:torch":4},"minecraft:picked_up":{"minecraft:wooden_axe":1,"minecraft:charcoal":6,"minecraft:crafting_table":4,"minecraft:wheat":3,"minecraft:chainmail_boots":4,"iceandfire:witherbone":2,"minecraft:clay_ball":2,"minecraft:golden_pickaxe":5,"minecraft:brown_mushroom":1,"minecraft:lead":7,"minecraft:wooden_pickaxe":4,"minecraft:enchanted_book":2,"minecraft:potion":7,"minecraft:brick":52,"minecraft:shield":6,"minecraft:cornflower":6,"minecraft:string":26,"minecraft:iron_axe":3,"minecraft:wooden_sword":2,"minecraft:iron_shovel":1,"minecraft:cracked_stone_bricks":6,"minecraft:gold_nugget":104,"minecraft:spruce_planks":242,"minecraft:poppy":1,"minecraft:iron_pickaxe":2,"minecraft:melon_slice":4,"minecraft:iron_boots":1,"minecraft:furnace":2,"minecraft:tipped_arrow":3,"minecraft:stick":111,"minecraft:stone":10,"minecraft:torch":268,"minecraft:carrot":20,"minecraft:redstone":9,"minecraft:dark_oak_planks":463,"minecraft:tnt":12,"minecraft:stone_sword":3,"minecraft:arrow":63,"minecraft:rotten_flesh":186,"minecraft:peony":1,"minecraft:hay_block":1,"minecraft:gold_ingot":17,"minecraft:iron_bars":27,"minecraft:cobblestone":77,"minecraft:birch_log":12,"minecraft:lime_bed":6,"minecraft:lilac":2,"minecraft:clock":4,"minecraft:cooked_beef":6,"minecraft:andesite":1,"minecraft:potato":7,"minecraft:birch_planks":204,"minecraft:flint":1,"minecraft:chainmail_chestplate":6,"minecraft:golden_boots":1,"minecraft:gunpowder":18,"minecraft:dirt":3,"minecraft:name_tag":4,"minecraft:leather_boots":1,"minecraft:bone":80,"minecraft:apple":1,"minecraft:bow":3,"minecraft:wheat_seeds":31,"minecraft:cooked_chicken":133,"minecraft:stone_pickaxe":12,"minecraft:iron_ingot":58,"minecraft:iron_ore":9,"minecraft:mossy_stone_bricks":10,"minecraft:diamond_helmet":1,"minecraft:glass_bottle":1,"minecraft:mossy_stone_brick_stairs":2,"minecraft:oak_planks":28,"minecraft:iron_sword":8,"minecraft:book":6,"minecraft:polished_andesite_stairs":3,"minecraft:chiseled_stone_bricks":2,"minecraft:dead_bush":1,"minecraft:dark_oak_log":43,"minecraft:spider_eye":8,"minecraft:mossy_cobblestone":4,"minecraft:polished_andesite":210,"minecraft:diamond_shovel":1,"minecraft:stone_axe":2,"minecraft:chainmail_leggings":8,"duneons:spideregg":60,"minecraft:golden_apple":3,"minecraft:chainmail_helmet":14,"minecraft:baked_potato":2,"minecraft:stripped_dark_oak_log":8,"minecraft:coal":437,"minecraft:diamond_pickaxe":1,"minecraft:ender_pearl":3}},"DataVersion":2586}