{"stats":{"minecraft:custom":{"minecraft:mob_kills":133,"minecraft:interact_with_crafting_table":40,"minecraft:damage_dealt_resisted":1960,"minecraft:leave_game":2,"minecraft:time_since_death":9644,"minecraft:climb_one_cm":24287,"minecraft:damage_resisted":51,"minecraft:sprint_one_cm":1125426,"minecraft:walk_one_cm":926680,"minecraft:damage_blocked_by_shield":4125,"minecraft:drop":118,"minecraft:play_noteblock":1,"minecraft:sneak_time":3408,"minecraft:deaths":27,"minecraft:walk_under_water_one_cm":1315,"minecraft:jump":2336,"minecraft:walk_on_water_one_cm":3632,"minecraft:interact_with_furnace":10,"minecraft:interact_with_cartography_table":2,"minecraft:play_one_minute":310347,"minecraft:sleep_in_bed":9,"minecraft:time_since_rest":9673,"minecraft:damage_absorbed":391,"minecraft:damage_taken":14914,"minecraft:damage_dealt":24654,"minecraft:player_kills":15,"minecraft:swim_one_cm":4038,"minecraft:fly_one_cm":253929,"minecraft:open_chest":209,"minecraft:crouch_one_cm":9863,"minecraft:fall_one_cm":43676},"minecraft:used":{"minecraft:iron_shovel":2,"minecraft:iron_bars":7,"minecraft:stone_sword":6,"minecraft:chest":3,"minecraft:stone":5,"minecraft:spruce_planks":149,"minecraft:shield":69,"minecraft:iron_sword":545,"minecraft:cooked_chicken":43,"minecraft:rotten_flesh":53,"minecraft:torch":178,"minecraft:dirt":5,"minecraft:carrot":11,"minecraft:dark_oak_planks":39,"minecraft:wooden_axe":53,"minecraft:iron_axe":52,"minecraft:bow":84,"minecraft:furnace":2,"minecraft:egg":3,"minecraft:stone_pressure_plate":1,"minecraft:cooked_beef":14,"minecraft:cooked_mutton":2,"minecraft:mossy_stone_bricks":3,"minecraft:stripped_birch_log":1,"minecraft:birch_planks":13,"minecraft:stone_pickaxe":179,"minecraft:polished_andesite":84,"minecraft:baked_potato":15,"minecraft:ender_pearl":1,"minecraft:wooden_pickaxe":11,"minecraft:diamond_axe":4,"minecraft:golden_apple":5,"minecraft:mossy_cobblestone":2,"minecraft:lime_bed":9,"minecraft:crafting_table":8,"minecraft:diamond_pickaxe":92,"minecraft:apple":13,"minecraft:dark_oak_log":8,"minecraft:bread":10,"minecraft:melon_slice":6,"minecraft:iron_pickaxe":90,"minecraft:stone_button":1,"minecraft:polished_granite":6,"minecraft:stone_axe":228,"minecraft:cobblestone":43,"minecraft:potion":5,"minecraft:porkchop":2,"minecraft:andesite":1,"minecraft:golden_pickaxe":3},"minecraft:dropped":{"minecraft:iron_sword":5,"minecraft:birch_planks":29,"minecraft:wheat_seeds":9,"minecraft:golden_pickaxe":4,"minecraft:mossy_cobblestone":1,"minecraft:glass_bottle":2,"minecraft:sandstone_stairs":3,"minecraft:lead":1,"minecraft:iron_helmet":2,"minecraft:cobblestone":11,"minecraft:book":3,"minecraft:apple":4,"minecraft:cracked_stone_bricks":3,"minecraft:chainmail_helmet":5,"minecraft:coal":41,"minecraft:polished_andesite":20,"minecraft:flint":1,"minecraft:torch":4,"minecraft:wooden_axe":1,"minecraft:melon_slice":3,"minecraft:potion":2,"minecraft:wooden_sword":2,"minecraft:polished_andesite_stairs":1,"minecraft:chainmail_leggings":5,"minecraft:redstone":6,"minecraft:furnace":1,"minecraft:cooked_chicken":24,"minecraft:stone_sword":4,"minecraft:stone_shovel":1,"minecraft:stripped_dark_oak_log":2,"minecraft:oak_planks":25,"minecraft:iron_boots":1,"minecraft:diamond_shovel":3,"minecraft:chainmail_chestplate":6,"duneons:spideregg":20,"minecraft:stone":5,"minecraft:shield":6,"minecraft:andesite":1,"minecraft:diamond_pickaxe":3,"minecraft:charcoal":3,"minecraft:mossy_stone_bricks":6,"minecraft:leather_boots":1,"minecraft:chainmail_boots":1,"minecraft:spider_eye":2,"minecraft:iron_bars":4,"minecraft:arrow":1,"minecraft:stone_pickaxe":5,"minecraft:wooden_pickaxe":4},"minecraft:crafted":{"minecraft:stone_button":1,"minecraft:furnace":1,"minecraft:stone":1,"minecraft:iron_axe":1,"minecraft:stone_pickaxe":1,"minecraft:chest":3,"minecraft:dark_oak_planks":122,"minecraft:wheat":9,"minecraft:crafting_table":5,"minecraft:spruce_planks":56,"minecraft:wooden_pickaxe":1,"minecraft:baked_potato":7,"minecraft:iron_sword":3,"minecraft:birch_planks":48,"minecraft:stone_axe":1,"minecraft:bread":3,"minecraft:stick":12,"minecraft:iron_pickaxe":1,"minecraft:wooden_axe":1,"minecraft:torch":4},"minecraft:broken":{"minecraft:diamond_chestplate":1,"minecraft:iron_boots":1,"minecraft:chainmail_chestplate":1,"minecraft:iron_sword":2},"minecraft:mined":{"minecraft:dark_oak_planks":11,"minecraft:stone_pressure_plate":2,"minecraft:spruce_planks":43,"minecraft:mossy_cobblestone":12,"minecraft:stripped_birch_log":2,"duneons:bigferncreeperwoods":3,"minecraft:dark_oak_log":43,"duneons:spideregg":12,"minecraft:nether_bricks":2,"minecraft:grass_block":10,"minecraft:yellow_carpet":1,"minecraft:sandstone":3,"duneons:peonydied":5,"minecraft:chiseled_stone_bricks":2,"minecraft:spawner":45,"minecraft:hay_block":1,"duneons:biggrasscreeper":5,"minecraft:furnace":2,"minecraft:mossy_cobblestone_stairs":1,"minecraft:iron_ore":19,"minecraft:andesite":2,"minecraft:mossy_stone_brick_stairs":1,"minecraft:bookshelf":1,"minecraft:vine":23,"minecraft:iron_bars":36,"minecraft:stone":63,"minecraft:polished_granite_stairs":1,"minecraft:redstone_block":2,"minecraft:stripped_dark_oak_log":3,"minecraft:polished_granite":9,"minecraft:cornflower":1,"minecraft:crafting_table":3,"minecraft:torch":6,"minecraft:poppy":1,"minecraft:campfire":1,"minecraft:tall_grass":15,"minecraft:cobblestone":18,"duneons:smalltallgrasscreeperwoods":2,"minecraft:sugar_cane":3,"minecraft:wall_torch":5,"minecraft:spruce_stairs":1,"minecraft:birch_planks":9,"minecraft:lime_bed":9,"minecraft:birch_log":24,"minecraft:wheat":2,"minecraft:lilac":1,"minecraft:spruce_log":5,"minecraft:birch_leaves":8,"minecraft:stone_brick_stairs":4,"duneons:creeperwoodstallgrass":98,"minecraft:grass":115,"duneons:flowerpatch":3,"minecraft:coal_ore":42,"minecraft:dirt":1,"minecraft:cracked_stone_bricks":7,"minecraft:polished_andesite":35,"minecraft:stone_bricks":4,"minecraft:mossy_stone_bricks":15,"minecraft:oak_leaves":1},"minecraft:picked_up":{"minecraft:wooden_axe":1,"minecraft:charcoal":6,"minecraft:iron_chestplate":7,"minecraft:crafting_table":6,"minecraft:wheat":6,"minecraft:chainmail_boots":7,"iceandfire:witherbone":26,"minecraft:clay_ball":8,"minecraft:golden_pickaxe":10,"minecraft:leather_leggings":4,"minecraft:brown_mushroom":1,"minecraft:lead":7,"minecraft:wooden_pickaxe":6,"minecraft:potion":25,"minecraft:enchanted_book":8,"minecraft:brick":52,"minecraft:shield":19,"minecraft:cornflower":6,"minecraft:string":107,"minecraft:iron_axe":7,"minecraft:wooden_sword":2,"minecraft:iron_leggings":4,"minecraft:iron_shovel":5,"minecraft:cracked_stone_bricks":6,"minecraft:gold_nugget":174,"minecraft:bucket":1,"minecraft:spruce_planks":728,"minecraft:iron_nugget":7,"minecraft:poppy":2,"minecraft:iron_pickaxe":8,"minecraft:melon_slice":4,"minecraft:sugar_cane":6,"minecraft:phantom_membrane":6,"minecraft:furnace":2,"minecraft:iron_boots":18,"minecraft:sandstone":3,"minecraft:tipped_arrow":3,"minecraft:stick":391,"minecraft:stone":25,"minecraft:torch":339,"minecraft:spruce_stairs":7,"minecraft:porkchop":2,"minecraft:carrot":32,"minecraft:redstone":16,"minecraft:golden_chestplate":1,"minecraft:stone_pressure_plate":3,"minecraft:dark_oak_planks":622,"iceandfire:silver_ingot":2,"minecraft:stone_shovel":4,"minecraft:tnt":12,"minecraft:polished_granite_stairs":1,"minecraft:stone_sword":3,"minecraft:arrow":309,"minecraft:rotten_flesh":564,"minecraft:diamond_chestplate":3,"minecraft:peony":1,"minecraft:hay_block":1,"minecraft:sandstone_stairs":6,"minecraft:saddle":8,"minecraft:gold_ingot":59,"minecraft:iron_bars":55,"minecraft:cobblestone":109,"minecraft:birch_log":24,"minecraft:lime_bed":11,"minecraft:cooked_beef":10,"minecraft:clock":4,"minecraft:lilac":2,"minecraft:andesite":4,"minecraft:potato":9,"minecraft:birch_planks":204,"minecraft:flint":7,"minecraft:chainmail_chestplate":16,"minecraft:paper":6,"minecraft:golden_boots":1,"minecraft:gunpowder":34,"minecraft:stripped_birch_log":2,"minecraft:lapis_lazuli":18,"minecraft:dirt":13,"minecraft:polished_granite":9,"minecraft:name_tag":4,"minecraft:leather_boots":2,"minecraft:bone":160,"minecraft:apple":11,"minecraft:stone_bricks":4,"minecraft:bow":18,"minecraft:wheat_seeds":42,"minecraft:cooked_chicken":155,"minecraft:iron_ingot":90,"minecraft:stone_pickaxe":13,"minecraft:iron_ore":18,"minecraft:mossy_stone_bricks":17,"minecraft:diamond_helmet":4,"minecraft:glass_bottle":8,"minecraft:iron_sword":19,"minecraft:oak_planks":28,"minecraft:mossy_stone_brick_stairs":4,"minecraft:book":6,"minecraft:polished_andesite_stairs":3,"minecraft:chiseled_stone_bricks":2,"minecraft:ink_sac":3,"minecraft:spruce_log":19,"minecraft:nether_brick_stairs":4,"minecraft:dead_bush":1,"minecraft:dark_oak_log":44,"minecraft:spider_eye":14,"minecraft:mossy_cobblestone":10,"minecraft:polished_andesite":213,"minecraft:diamond_shovel":4,"minecraft:diamond":1,"minecraft:slime_ball":3,"minecraft:stone_axe":12,"minecraft:chainmail_leggings":13,"duneons:spideregg":60,"duneons:flowerpatch":3,"minecraft:iron_helmet":4,"minecraft:diamond_axe":2,"minecraft:golden_apple":4,"minecraft:chainmail_helmet":21,"minecraft:baked_potato":2,"minecraft:stripped_dark_oak_log":8,"minecraft:coal":748,"minecraft:diamond_pickaxe":14,"minecraft:ender_pearl":8},"minecraft:killed":{"minecraft:cave_spider":7,"minecraft:spider":29,"duneons:wraith":3,"minecraft:skeleton":19,"minecraft:pig":1,"minecraft:iron_golem":1,"minecraft:zombie":51,"minecraft:stray":4,"minecraft:wither_skeleton":5},"minecraft:killed_by":{"minecraft:player":6,"minecraft:creeper":3,"minecraft:spider":1,"minecraft:iron_golem":2,"duneons:zombievangruard":1,"minecraft:cave_spider":1,"minecraft:zombie":12,"duneons:wraith":1}},"DataVersion":2586}