{"stats":{"minecraft:mined":{"minecraft:dark_oak_planks":7,"minecraft:spruce_planks":26,"minecraft:mossy_cobblestone":6,"duneons:bigferncreeperwoods":1,"minecraft:dark_oak_log":42,"duneons:spideregg":12,"minecraft:nether_bricks":2,"minecraft:yellow_carpet":1,"duneons:peonydied":4,"minecraft:chiseled_stone_bricks":2,"minecraft:spawner":17,"minecraft:hay_block":1,"duneons:biggrasscreeper":1,"minecraft:furnace":2,"minecraft:mossy_cobblestone_stairs":1,"minecraft:iron_ore":10,"minecraft:andesite":1,"minecraft:mossy_stone_brick_stairs":1,"minecraft:bookshelf":1,"minecraft:vine":12,"minecraft:iron_bars":18,"minecraft:stone":57,"minecraft:redstone_block":2,"minecraft:stripped_dark_oak_log":3,"minecraft:crafting_table":2,"minecraft:cornflower":1,"minecraft:torch":2,"minecraft:poppy":1,"minecraft:campfire":1,"minecraft:tall_grass":12,"minecraft:cobblestone":17,"duneons:smalltallgrasscreeperwoods":1,"minecraft:wall_torch":2,"minecraft:birch_planks":9,"minecraft:lime_bed":7,"minecraft:birch_log":12,"minecraft:wheat":2,"minecraft:lilac":1,"minecraft:birch_leaves":3,"minecraft:stone_brick_stairs":3,"duneons:creeperwoodstallgrass":41,"minecraft:grass":74,"minecraft:coal_ore":42,"minecraft:dirt":1,"minecraft:cracked_stone_bricks":7,"minecraft:stone_bricks":3,"minecraft:polished_andesite":33,"minecraft:mossy_stone_bricks":12,"minecraft:oak_leaves":1},"minecraft:killed_by":{"minecraft:player":2,"minecraft:creeper":2,"duneons:zombievangruard":1,"minecraft:zombie":6},"minecraft:dropped":{"minecraft:iron_sword":4,"minecraft:birch_planks":29,"minecraft:wheat_seeds":9,"minecraft:golden_pickaxe":4,"minecraft:mossy_cobblestone":1,"minecraft:glass_bottle":2,"minecraft:iron_helmet":1,"minecraft:cobblestone":11,"minecraft:lead":1,"minecraft:book":3,"minecraft:apple":4,"minecraft:cracked_stone_bricks":3,"minecraft:chainmail_helmet":5,"minecraft:coal":41,"minecraft:flint":1,"minecraft:polished_andesite":20,"minecraft:torch":4,"minecraft:wooden_axe":1,"minecraft:melon_slice":3,"minecraft:potion":2,"minecraft:wooden_sword":2,"minecraft:polished_andesite_stairs":1,"minecraft:chainmail_leggings":4,"minecraft:redstone":6,"minecraft:furnace":1,"minecraft:cooked_chicken":24,"minecraft:stone_sword":4,"minecraft:stripped_dark_oak_log":2,"minecraft:iron_boots":1,"minecraft:oak_planks":25,"minecraft:chainmail_chestplate":5,"duneons:spideregg":20,"minecraft:stone":5,"minecraft:shield":4,"minecraft:diamond_pickaxe":1,"minecraft:charcoal":3,"minecraft:leather_boots":1,"minecraft:mossy_stone_bricks":5,"minecraft:chainmail_boots":1,"minecraft:spider_eye":2,"minecraft:iron_bars":4,"minecraft:arrow":1,"minecraft:wooden_pickaxe":4,"minecraft:stone_pickaxe":4},"minecraft:custom":{"minecraft:mob_kills":83,"minecraft:interact_with_crafting_table":34,"minecraft:leave_game":2,"minecraft:time_since_death":6665,"minecraft:climb_one_cm":11897,"minecraft:sprint_one_cm":470716,"minecraft:walk_one_cm":636340,"minecraft:damage_blocked_by_shield":1685,"minecraft:drop":102,"minecraft:deaths":11,"minecraft:sneak_time":2172,"minecraft:walk_under_water_one_cm":593,"minecraft:jump":1333,"minecraft:walk_on_water_one_cm":1615,"minecraft:interact_with_furnace":9,"minecraft:play_one_minute":161380,"minecraft:sleep_in_bed":7,"minecraft:time_since_rest":6700,"minecraft:damage_absorbed":119,"minecraft:damage_taken":7713,"minecraft:damage_dealt":14950,"minecraft:swim_one_cm":1512,"minecraft:fly_one_cm":114579,"minecraft:player_kills":10,"minecraft:open_chest":83,"minecraft:crouch_one_cm":7184,"minecraft:fall_one_cm":21312},"minecraft:used":{"minecraft:stone_sword":6,"minecraft:spruce_planks":67,"minecraft:chest":1,"minecraft:shield":39,"minecraft:iron_sword":311,"minecraft:cooked_chicken":35,"minecraft:rotten_flesh":20,"minecraft:torch":94,"minecraft:dirt":3,"minecraft:carrot":10,"minecraft:dark_oak_planks":36,"minecraft:wooden_axe":53,"minecraft:iron_axe":47,"minecraft:furnace":2,"minecraft:egg":3,"minecraft:cooked_beef":7,"minecraft:mossy_stone_bricks":1,"minecraft:birch_planks":13,"minecraft:polished_andesite":84,"minecraft:stone_pickaxe":177,"minecraft:baked_potato":11,"minecraft:wooden_pickaxe":5,"minecraft:golden_apple":3,"minecraft:crafting_table":7,"minecraft:lime_bed":7,"minecraft:apple":4,"minecraft:dark_oak_log":8,"minecraft:melon_slice":6,"minecraft:bread":3,"minecraft:iron_pickaxe":83,"minecraft:stone_button":1,"minecraft:stone_axe":171,"minecraft:cobblestone":39,"minecraft:potion":2,"minecraft:golden_pickaxe":3},"minecraft:killed":{"minecraft:cave_spider":7,"minecraft:spider":13,"minecraft:skeleton":8,"minecraft:zombie":38,"minecraft:stray":3,"minecraft:wither_skeleton":4},"minecraft:broken":{"minecraft:iron_sword":1},"minecraft:crafted":{"minecraft:furnace":1,"minecraft:stone_button":1,"minecraft:stone":1,"minecraft:iron_axe":1,"minecraft:stone_pickaxe":1,"minecraft:chest":1,"minecraft:dark_oak_planks":122,"minecraft:wheat":9,"minecraft:crafting_table":5,"minecraft:baked_potato":7,"minecraft:wooden_pickaxe":1,"minecraft:iron_sword":1,"minecraft:birch_planks":48,"minecraft:stone_axe":1,"minecraft:bread":3,"minecraft:stick":8,"minecraft:iron_pickaxe":1,"minecraft:wooden_axe":1,"minecraft:torch":4},"minecraft:picked_up":{"minecraft:wooden_axe":1,"minecraft:charcoal":6,"minecraft:iron_chestplate":2,"minecraft:crafting_table":4,"minecraft:wheat":3,"minecraft:chainmail_boots":6,"iceandfire:witherbone":9,"minecraft:clay_ball":2,"minecraft:golden_pickaxe":7,"minecraft:brown_mushroom":1,"minecraft:lead":7,"minecraft:wooden_pickaxe":4,"minecraft:enchanted_book":4,"minecraft:potion":11,"minecraft:brick":52,"minecraft:shield":8,"minecraft:cornflower":6,"minecraft:string":40,"minecraft:iron_axe":5,"minecraft:wooden_sword":2,"minecraft:iron_shovel":3,"minecraft:cracked_stone_bricks":6,"minecraft:gold_nugget":134,"minecraft:spruce_planks":285,"minecraft:poppy":1,"minecraft:iron_pickaxe":4,"minecraft:melon_slice":4,"minecraft:iron_boots":5,"minecraft:furnace":2,"minecraft:tipped_arrow":3,"minecraft:stick":281,"minecraft:stone":20,"minecraft:torch":268,"minecraft:carrot":20,"minecraft:redstone":9,"minecraft:dark_oak_planks":565,"minecraft:tnt":12,"minecraft:diamond_chestplate":3,"minecraft:stone_sword":3,"minecraft:arrow":79,"minecraft:rotten_flesh":314,"minecraft:peony":1,"minecraft:hay_block":1,"minecraft:saddle":2,"minecraft:gold_ingot":45,"minecraft:iron_bars":29,"minecraft:cobblestone":85,"minecraft:birch_log":12,"minecraft:lime_bed":8,"minecraft:lilac":2,"minecraft:clock":4,"minecraft:cooked_beef":6,"minecraft:andesite":3,"minecraft:potato":7,"minecraft:birch_planks":204,"minecraft:flint":1,"minecraft:chainmail_chestplate":9,"minecraft:golden_boots":1,"minecraft:gunpowder":18,"minecraft:lapis_lazuli":6,"minecraft:dirt":3,"minecraft:name_tag":4,"minecraft:leather_boots":2,"minecraft:bone":84,"minecraft:apple":1,"minecraft:bow":5,"minecraft:wheat_seeds":31,"minecraft:cooked_chicken":155,"minecraft:stone_pickaxe":12,"minecraft:iron_ingot":58,"minecraft:iron_ore":9,"minecraft:mossy_stone_bricks":12,"minecraft:diamond_helmet":3,"minecraft:glass_bottle":1,"minecraft:mossy_stone_brick_stairs":4,"minecraft:oak_planks":28,"minecraft:iron_sword":10,"minecraft:book":6,"minecraft:polished_andesite_stairs":3,"minecraft:chiseled_stone_bricks":2,"minecraft:nether_brick_stairs":1,"minecraft:dead_bush":1,"minecraft:dark_oak_log":43,"minecraft:spider_eye":8,"minecraft:mossy_cobblestone":8,"minecraft:polished_andesite":210,"minecraft:diamond_shovel":1,"minecraft:stone_axe":3,"minecraft:chainmail_leggings":8,"duneons:spideregg":60,"minecraft:golden_apple":3,"minecraft:chainmail_helmet":15,"minecraft:baked_potato":2,"minecraft:stripped_dark_oak_log":8,"minecraft:coal":565,"minecraft:diamond_pickaxe":2,"minecraft:ender_pearl":3}},"DataVersion":2586}