{"stats":{"minecraft:mined":{"minecraft:dark_oak_planks":7,"minecraft:spruce_planks":28,"minecraft:mossy_cobblestone":9,"duneons:bigferncreeperwoods":3,"minecraft:dark_oak_log":42,"duneons:spideregg":12,"minecraft:nether_bricks":2,"minecraft:grass_block":10,"minecraft:yellow_carpet":1,"duneons:peonydied":4,"minecraft:chiseled_stone_bricks":2,"minecraft:spawner":17,"minecraft:hay_block":1,"duneons:biggrasscreeper":3,"minecraft:furnace":2,"minecraft:mossy_cobblestone_stairs":1,"minecraft:iron_ore":10,"minecraft:andesite":1,"minecraft:mossy_stone_brick_stairs":1,"minecraft:bookshelf":1,"minecraft:vine":12,"minecraft:iron_bars":19,"minecraft:stone":57,"minecraft:redstone_block":2,"minecraft:stripped_dark_oak_log":3,"minecraft:crafting_table":2,"minecraft:cornflower":1,"minecraft:torch":2,"minecraft:poppy":1,"minecraft:campfire":1,"minecraft:tall_grass":12,"minecraft:cobblestone":17,"duneons:smalltallgrasscreeperwoods":1,"minecraft:wall_torch":2,"minecraft:birch_planks":9,"minecraft:lime_bed":7,"minecraft:birch_log":12,"minecraft:wheat":2,"minecraft:lilac":1,"minecraft:birch_leaves":3,"minecraft:stone_brick_stairs":3,"duneons:creeperwoodstallgrass":72,"minecraft:grass":74,"duneons:flowerpatch":1,"minecraft:coal_ore":42,"minecraft:dirt":1,"minecraft:cracked_stone_bricks":7,"minecraft:stone_bricks":3,"minecraft:polished_andesite":34,"minecraft:mossy_stone_bricks":13,"minecraft:oak_leaves":1},"minecraft:killed_by":{"minecraft:player":3,"minecraft:creeper":2,"duneons:zombievangruard":1,"minecraft:zombie":7},"minecraft:dropped":{"minecraft:iron_sword":4,"minecraft:birch_planks":29,"minecraft:wheat_seeds":9,"minecraft:golden_pickaxe":4,"minecraft:mossy_cobblestone":1,"minecraft:glass_bottle":2,"minecraft:iron_helmet":1,"minecraft:cobblestone":11,"minecraft:lead":1,"minecraft:book":3,"minecraft:apple":4,"minecraft:cracked_stone_bricks":3,"minecraft:chainmail_helmet":5,"minecraft:coal":41,"minecraft:flint":1,"minecraft:polished_andesite":20,"minecraft:torch":4,"minecraft:wooden_axe":1,"minecraft:melon_slice":3,"minecraft:potion":2,"minecraft:wooden_sword":2,"minecraft:polished_andesite_stairs":1,"minecraft:chainmail_leggings":4,"minecraft:redstone":6,"minecraft:furnace":1,"minecraft:cooked_chicken":24,"minecraft:stone_sword":4,"minecraft:stripped_dark_oak_log":2,"minecraft:iron_boots":1,"minecraft:oak_planks":25,"minecraft:chainmail_chestplate":5,"duneons:spideregg":20,"minecraft:stone":5,"minecraft:shield":4,"minecraft:diamond_pickaxe":3,"minecraft:charcoal":3,"minecraft:leather_boots":1,"minecraft:mossy_stone_bricks":5,"minecraft:chainmail_boots":1,"minecraft:spider_eye":2,"minecraft:iron_bars":4,"minecraft:arrow":1,"minecraft:wooden_pickaxe":4,"minecraft:stone_pickaxe":4},"minecraft:custom":{"minecraft:mob_kills":86,"minecraft:interact_with_crafting_table":34,"minecraft:leave_game":2,"minecraft:time_since_death":0,"minecraft:climb_one_cm":14742,"minecraft:sprint_one_cm":489119,"minecraft:walk_one_cm":688153,"minecraft:damage_blocked_by_shield":1685,"minecraft:drop":104,"minecraft:deaths":13,"minecraft:sneak_time":2460,"minecraft:walk_under_water_one_cm":593,"minecraft:jump":1491,"minecraft:walk_on_water_one_cm":1615,"minecraft:interact_with_furnace":9,"minecraft:play_one_minute":173380,"minecraft:sleep_in_bed":7,"minecraft:time_since_rest":7,"minecraft:damage_absorbed":119,"minecraft:damage_taken":8817,"minecraft:damage_dealt":16112,"minecraft:swim_one_cm":1512,"minecraft:fly_one_cm":133479,"minecraft:player_kills":11,"minecraft:open_chest":84,"minecraft:crouch_one_cm":7804,"minecraft:fall_one_cm":25752},"minecraft:used":{"minecraft:stone_sword":6,"minecraft:stone":5,"minecraft:spruce_planks":67,"minecraft:chest":1,"minecraft:shield":39,"minecraft:iron_sword":343,"minecraft:cooked_chicken":43,"minecraft:rotten_flesh":23,"minecraft:torch":94,"minecraft:dirt":5,"minecraft:carrot":10,"minecraft:dark_oak_planks":36,"minecraft:wooden_axe":53,"minecraft:iron_axe":52,"minecraft:furnace":2,"minecraft:egg":3,"minecraft:cooked_beef":7,"minecraft:mossy_stone_bricks":3,"minecraft:birch_planks":13,"minecraft:polished_andesite":84,"minecraft:stone_pickaxe":177,"minecraft:baked_potato":11,"minecraft:wooden_pickaxe":5,"minecraft:golden_apple":3,"minecraft:mossy_cobblestone":2,"minecraft:crafting_table":7,"minecraft:lime_bed":7,"minecraft:apple":4,"minecraft:dark_oak_log":8,"minecraft:melon_slice":6,"minecraft:bread":3,"minecraft:iron_pickaxe":90,"minecraft:stone_button":1,"minecraft:stone_axe":183,"minecraft:cobblestone":43,"minecraft:potion":3,"minecraft:andesite":1,"minecraft:golden_pickaxe":3},"minecraft:killed":{"minecraft:cave_spider":7,"minecraft:spider":13,"minecraft:skeleton":8,"minecraft:zombie":40,"minecraft:stray":3,"minecraft:wither_skeleton":5},"minecraft:broken":{"minecraft:diamond_chestplate":1,"minecraft:iron_sword":1},"minecraft:crafted":{"minecraft:furnace":1,"minecraft:stone_button":1,"minecraft:stone":1,"minecraft:iron_axe":1,"minecraft:stone_pickaxe":1,"minecraft:chest":1,"minecraft:dark_oak_planks":122,"minecraft:wheat":9,"minecraft:crafting_table":5,"minecraft:baked_potato":7,"minecraft:wooden_pickaxe":1,"minecraft:iron_sword":1,"minecraft:birch_planks":48,"minecraft:stone_axe":1,"minecraft:bread":3,"minecraft:stick":8,"minecraft:iron_pickaxe":1,"minecraft:wooden_axe":1,"minecraft:torch":4},"minecraft:picked_up":{"minecraft:wooden_axe":1,"minecraft:charcoal":6,"minecraft:iron_chestplate":3,"minecraft:crafting_table":4,"minecraft:wheat":3,"minecraft:chainmail_boots":7,"iceandfire:witherbone":10,"minecraft:clay_ball":2,"minecraft:golden_pickaxe":7,"minecraft:brown_mushroom":1,"minecraft:lead":7,"minecraft:wooden_pickaxe":4,"minecraft:enchanted_book":4,"minecraft:potion":12,"minecraft:brick":52,"minecraft:shield":8,"minecraft:cornflower":6,"minecraft:string":40,"minecraft:iron_axe":7,"minecraft:wooden_sword":2,"minecraft:iron_shovel":4,"minecraft:cracked_stone_bricks":6,"minecraft:gold_nugget":149,"minecraft:spruce_planks":287,"minecraft:poppy":1,"minecraft:iron_pickaxe":5,"minecraft:melon_slice":4,"minecraft:iron_boots":6,"minecraft:furnace":2,"minecraft:tipped_arrow":3,"minecraft:stick":367,"minecraft:stone":25,"minecraft:torch":268,"minecraft:carrot":20,"minecraft:redstone":9,"minecraft:dark_oak_planks":616,"minecraft:tnt":12,"minecraft:diamond_chestplate":3,"minecraft:stone_sword":3,"minecraft:arrow":79,"minecraft:rotten_flesh":386,"minecraft:peony":1,"minecraft:hay_block":1,"minecraft:saddle":2,"minecraft:gold_ingot":59,"minecraft:iron_bars":32,"minecraft:cobblestone":85,"minecraft:birch_log":12,"minecraft:lime_bed":8,"minecraft:lilac":2,"minecraft:clock":4,"minecraft:cooked_beef":10,"minecraft:andesite":3,"minecraft:potato":7,"minecraft:birch_planks":204,"minecraft:flint":1,"minecraft:chainmail_chestplate":10,"minecraft:golden_boots":1,"minecraft:gunpowder":18,"minecraft:lapis_lazuli":6,"minecraft:dirt":13,"minecraft:name_tag":4,"minecraft:leather_boots":2,"minecraft:bone":92,"minecraft:apple":1,"minecraft:bow":5,"minecraft:wheat_seeds":31,"minecraft:cooked_chicken":155,"minecraft:stone_pickaxe":12,"minecraft:iron_ingot":67,"minecraft:iron_ore":9,"minecraft:mossy_stone_bricks":13,"minecraft:diamond_helmet":4,"minecraft:glass_bottle":1,"minecraft:mossy_stone_brick_stairs":4,"minecraft:oak_planks":28,"minecraft:iron_sword":10,"minecraft:book":6,"minecraft:polished_andesite_stairs":3,"minecraft:chiseled_stone_bricks":2,"minecraft:nether_brick_stairs":1,"minecraft:dead_bush":1,"minecraft:dark_oak_log":43,"minecraft:spider_eye":8,"minecraft:mossy_cobblestone":8,"minecraft:polished_andesite":211,"minecraft:diamond_shovel":1,"minecraft:stone_axe":3,"minecraft:chainmail_leggings":8,"duneons:spideregg":60,"minecraft:golden_apple":3,"minecraft:chainmail_helmet":16,"minecraft:baked_potato":2,"minecraft:stripped_dark_oak_log":8,"minecraft:coal":629,"minecraft:diamond_pickaxe":6,"minecraft:ender_pearl":3}},"DataVersion":2586}