{"stats":{"minecraft:custom":{"minecraft:mob_kills":91,"minecraft:interact_with_crafting_table":34,"minecraft:leave_game":2,"minecraft:time_since_death":14201,"minecraft:climb_one_cm":20066,"minecraft:sprint_one_cm":766041,"minecraft:walk_one_cm":824320,"minecraft:damage_blocked_by_shield":1915,"minecraft:drop":108,"minecraft:play_noteblock":1,"minecraft:sneak_time":2679,"minecraft:deaths":21,"minecraft:walk_under_water_one_cm":1315,"minecraft:jump":1993,"minecraft:walk_on_water_one_cm":3632,"minecraft:interact_with_furnace":10,"minecraft:interact_with_cartography_table":2,"minecraft:play_one_minute":250347,"minecraft:sleep_in_bed":7,"minecraft:time_since_rest":14234,"minecraft:damage_absorbed":159,"minecraft:damage_taken":11592,"minecraft:damage_dealt":18122,"minecraft:player_kills":15,"minecraft:swim_one_cm":4038,"minecraft:fly_one_cm":212058,"minecraft:open_chest":136,"minecraft:crouch_one_cm":8915,"minecraft:fall_one_cm":38424},"minecraft:used":{"minecraft:stone_sword":6,"minecraft:chest":1,"minecraft:stone":5,"minecraft:spruce_planks":67,"minecraft:shield":40,"minecraft:iron_sword":375,"minecraft:cooked_chicken":43,"minecraft:rotten_flesh":25,"minecraft:torch":102,"minecraft:dirt":5,"minecraft:carrot":10,"minecraft:dark_oak_planks":39,"minecraft:wooden_axe":53,"minecraft:iron_axe":52,"minecraft:bow":5,"minecraft:furnace":2,"minecraft:egg":3,"minecraft:cooked_beef":9,"minecraft:cooked_mutton":2,"minecraft:mossy_stone_bricks":3,"minecraft:stripped_birch_log":1,"minecraft:birch_planks":13,"minecraft:stone_pickaxe":177,"minecraft:polished_andesite":84,"minecraft:baked_potato":11,"minecraft:wooden_pickaxe":11,"minecraft:diamond_axe":4,"minecraft:golden_apple":4,"minecraft:mossy_cobblestone":2,"minecraft:lime_bed":8,"minecraft:crafting_table":7,"minecraft:diamond_pickaxe":13,"minecraft:apple":5,"minecraft:dark_oak_log":8,"minecraft:bread":3,"minecraft:melon_slice":6,"minecraft:iron_pickaxe":90,"minecraft:stone_button":1,"minecraft:stone_axe":220,"minecraft:cobblestone":43,"minecraft:potion":4,"minecraft:porkchop":2,"minecraft:andesite":1,"minecraft:golden_pickaxe":3},"minecraft:dropped":{"minecraft:iron_sword":5,"minecraft:birch_planks":29,"minecraft:wheat_seeds":9,"minecraft:golden_pickaxe":4,"minecraft:mossy_cobblestone":1,"minecraft:glass_bottle":2,"minecraft:lead":1,"minecraft:iron_helmet":1,"minecraft:cobblestone":11,"minecraft:book":3,"minecraft:apple":4,"minecraft:cracked_stone_bricks":3,"minecraft:chainmail_helmet":5,"minecraft:coal":41,"minecraft:polished_andesite":20,"minecraft:flint":1,"minecraft:torch":4,"minecraft:wooden_axe":1,"minecraft:melon_slice":3,"minecraft:potion":2,"minecraft:wooden_sword":2,"minecraft:polished_andesite_stairs":1,"minecraft:chainmail_leggings":4,"minecraft:redstone":6,"minecraft:furnace":1,"minecraft:cooked_chicken":24,"minecraft:stone_sword":4,"minecraft:stripped_dark_oak_log":2,"minecraft:oak_planks":25,"minecraft:iron_boots":1,"minecraft:diamond_shovel":3,"minecraft:chainmail_chestplate":5,"duneons:spideregg":20,"minecraft:stone":5,"minecraft:shield":4,"minecraft:diamond_pickaxe":3,"minecraft:charcoal":3,"minecraft:mossy_stone_bricks":5,"minecraft:leather_boots":1,"minecraft:chainmail_boots":1,"minecraft:spider_eye":2,"minecraft:iron_bars":4,"minecraft:arrow":1,"minecraft:stone_pickaxe":4,"minecraft:wooden_pickaxe":4},"minecraft:crafted":{"minecraft:stone_button":1,"minecraft:furnace":1,"minecraft:stone":1,"minecraft:iron_axe":1,"minecraft:stone_pickaxe":1,"minecraft:chest":1,"minecraft:dark_oak_planks":122,"minecraft:wheat":9,"minecraft:crafting_table":5,"minecraft:wooden_pickaxe":1,"minecraft:baked_potato":7,"minecraft:iron_sword":1,"minecraft:birch_planks":48,"minecraft:stone_axe":1,"minecraft:bread":3,"minecraft:stick":8,"minecraft:iron_pickaxe":1,"minecraft:wooden_axe":1,"minecraft:torch":4},"minecraft:broken":{"minecraft:diamond_chestplate":1,"minecraft:chainmail_chestplate":1,"minecraft:iron_sword":1},"minecraft:mined":{"minecraft:dark_oak_planks":11,"minecraft:spruce_planks":31,"minecraft:mossy_cobblestone":9,"minecraft:stripped_birch_log":2,"duneons:bigferncreeperwoods":3,"minecraft:dark_oak_log":43,"duneons:spideregg":12,"minecraft:nether_bricks":2,"minecraft:grass_block":10,"minecraft:yellow_carpet":1,"minecraft:sandstone":1,"duneons:peonydied":5,"minecraft:chiseled_stone_bricks":2,"minecraft:spawner":20,"minecraft:hay_block":1,"duneons:biggrasscreeper":5,"minecraft:furnace":2,"minecraft:mossy_cobblestone_stairs":1,"minecraft:iron_ore":10,"minecraft:andesite":1,"minecraft:mossy_stone_brick_stairs":1,"minecraft:bookshelf":1,"minecraft:vine":13,"minecraft:iron_bars":21,"minecraft:stone":61,"minecraft:polished_granite_stairs":1,"minecraft:redstone_block":2,"minecraft:stripped_dark_oak_log":3,"minecraft:polished_granite":5,"minecraft:cornflower":1,"minecraft:crafting_table":3,"minecraft:torch":6,"minecraft:poppy":1,"minecraft:campfire":1,"minecraft:tall_grass":15,"minecraft:cobblestone":18,"duneons:smalltallgrasscreeperwoods":2,"minecraft:sugar_cane":3,"minecraft:wall_torch":5,"minecraft:spruce_stairs":1,"minecraft:birch_planks":9,"minecraft:lime_bed":9,"minecraft:birch_log":24,"minecraft:wheat":2,"minecraft:lilac":1,"minecraft:spruce_log":5,"minecraft:birch_leaves":8,"minecraft:stone_brick_stairs":3,"duneons:creeperwoodstallgrass":98,"minecraft:grass":115,"duneons:flowerpatch":3,"minecraft:coal_ore":42,"minecraft:dirt":1,"minecraft:cracked_stone_bricks":7,"minecraft:polished_andesite":35,"minecraft:stone_bricks":3,"minecraft:mossy_stone_bricks":13,"minecraft:oak_leaves":1},"minecraft:picked_up":{"minecraft:wooden_axe":1,"minecraft:charcoal":6,"minecraft:iron_chestplate":3,"minecraft:crafting_table":6,"minecraft:wheat":3,"minecraft:chainmail_boots":7,"iceandfire:witherbone":26,"minecraft:clay_ball":8,"minecraft:golden_pickaxe":10,"minecraft:leather_leggings":2,"minecraft:brown_mushroom":1,"minecraft:lead":7,"minecraft:wooden_pickaxe":6,"minecraft:potion":18,"minecraft:enchanted_book":6,"minecraft:brick":52,"minecraft:shield":11,"minecraft:cornflower":6,"minecraft:string":63,"minecraft:iron_axe":7,"minecraft:wooden_sword":2,"minecraft:iron_shovel":4,"minecraft:cracked_stone_bricks":6,"minecraft:gold_nugget":149,"minecraft:spruce_planks":428,"minecraft:poppy":1,"minecraft:iron_pickaxe":5,"minecraft:melon_slice":4,"minecraft:sugar_cane":6,"minecraft:furnace":2,"minecraft:iron_boots":9,"minecraft:sandstone":1,"minecraft:tipped_arrow":3,"minecraft:stick":370,"minecraft:stone":25,"minecraft:torch":292,"minecraft:spruce_stairs":7,"minecraft:porkchop":2,"minecraft:carrot":20,"minecraft:redstone":9,"minecraft:dark_oak_planks":622,"minecraft:tnt":12,"minecraft:polished_granite_stairs":1,"minecraft:stone_sword":3,"minecraft:arrow":181,"minecraft:rotten_flesh":389,"minecraft:diamond_chestplate":3,"minecraft:peony":1,"minecraft:hay_block":1,"minecraft:saddle":4,"minecraft:gold_ingot":59,"minecraft:iron_bars":34,"minecraft:cobblestone":97,"minecraft:birch_log":24,"minecraft:lime_bed":11,"minecraft:cooked_beef":10,"minecraft:clock":4,"minecraft:lilac":2,"minecraft:andesite":3,"minecraft:potato":7,"minecraft:birch_planks":204,"minecraft:flint":1,"minecraft:chainmail_chestplate":13,"minecraft:golden_boots":1,"minecraft:gunpowder":18,"minecraft:stripped_birch_log":2,"minecraft:lapis_lazuli":18,"minecraft:dirt":13,"minecraft:polished_granite":5,"minecraft:name_tag":4,"minecraft:leather_boots":2,"minecraft:bone":94,"minecraft:apple":1,"minecraft:bow":8,"minecraft:wheat_seeds":42,"minecraft:cooked_chicken":155,"minecraft:iron_ingot":67,"minecraft:stone_pickaxe":12,"minecraft:iron_ore":9,"minecraft:mossy_stone_bricks":13,"minecraft:diamond_helmet":4,"minecraft:glass_bottle":8,"minecraft:iron_sword":14,"minecraft:oak_planks":28,"minecraft:mossy_stone_brick_stairs":4,"minecraft:book":6,"minecraft:polished_andesite_stairs":3,"minecraft:chiseled_stone_bricks":2,"minecraft:spruce_log":19,"minecraft:nether_brick_stairs":4,"minecraft:dead_bush":1,"minecraft:dark_oak_log":44,"minecraft:spider_eye":8,"minecraft:mossy_cobblestone":8,"minecraft:polished_andesite":213,"minecraft:diamond_shovel":4,"minecraft:stone_axe":7,"minecraft:chainmail_leggings":10,"duneons:spideregg":60,"duneons:flowerpatch":3,"minecraft:iron_helmet":3,"minecraft:diamond_axe":2,"minecraft:golden_apple":3,"minecraft:chainmail_helmet":18,"minecraft:baked_potato":2,"minecraft:stripped_dark_oak_log":8,"minecraft:coal":629,"minecraft:diamond_pickaxe":9,"minecraft:ender_pearl":3},"minecraft:killed":{"minecraft:cave_spider":7,"minecraft:spider":15,"minecraft:skeleton":9,"minecraft:pig":1,"minecraft:zombie":41,"minecraft:stray":3,"minecraft:wither_skeleton":5},"minecraft:killed_by":{"minecraft:player":6,"minecraft:creeper":3,"duneons:zombievangruard":1,"minecraft:cave_spider":1,"minecraft:zombie":10}},"DataVersion":2586}