{"stats":{"minecraft:mined":{"minecraft:dark_oak_planks":7,"minecraft:spruce_planks":2,"minecraft:mossy_cobblestone":4,"duneons:bigferncreeperwoods":1,"minecraft:dark_oak_log":42,"duneons:spideregg":12,"minecraft:yellow_carpet":1,"duneons:peonydied":4,"minecraft:chiseled_stone_bricks":2,"minecraft:spawner":16,"minecraft:hay_block":1,"duneons:biggrasscreeper":1,"minecraft:furnace":2,"minecraft:iron_ore":10,"minecraft:andesite":1,"minecraft:mossy_stone_brick_stairs":1,"minecraft:bookshelf":1,"minecraft:iron_bars":10,"minecraft:stone":54,"minecraft:redstone_block":2,"minecraft:stripped_dark_oak_log":3,"minecraft:crafting_table":2,"minecraft:cornflower":1,"minecraft:torch":2,"minecraft:poppy":1,"minecraft:campfire":1,"minecraft:tall_grass":12,"minecraft:cobblestone":17,"duneons:smalltallgrasscreeperwoods":1,"minecraft:wall_torch":2,"minecraft:birch_planks":9,"minecraft:lime_bed":5,"minecraft:birch_log":12,"minecraft:wheat":2,"minecraft:lilac":1,"minecraft:birch_leaves":3,"minecraft:stone_brick_stairs":3,"duneons:creeperwoodstallgrass":41,"minecraft:grass":72,"minecraft:coal_ore":42,"minecraft:dirt":1,"minecraft:cracked_stone_bricks":7,"minecraft:stone_bricks":2,"minecraft:polished_andesite":31,"minecraft:mossy_stone_bricks":7,"minecraft:oak_leaves":1},"minecraft:killed_by":{"minecraft:player":1,"minecraft:creeper":2,"minecraft:zombie":3},"minecraft:dropped":{"minecraft:iron_sword":2,"minecraft:birch_planks":29,"minecraft:wheat_seeds":9,"minecraft:golden_pickaxe":1,"minecraft:glass_bottle":2,"minecraft:cobblestone":11,"minecraft:lead":1,"minecraft:apple":4,"minecraft:cracked_stone_bricks":3,"minecraft:chainmail_helmet":4,"minecraft:coal":41,"minecraft:flint":1,"minecraft:polished_andesite":19,"minecraft:torch":4,"minecraft:wooden_axe":1,"minecraft:melon_slice":3,"minecraft:potion":2,"minecraft:wooden_sword":1,"minecraft:polished_andesite_stairs":1,"minecraft:chainmail_leggings":4,"minecraft:redstone":6,"minecraft:furnace":1,"minecraft:cooked_chicken":1,"minecraft:stone_sword":3,"minecraft:stripped_dark_oak_log":2,"minecraft:oak_planks":25,"minecraft:chainmail_chestplate":1,"duneons:spideregg":20,"minecraft:stone":5,"minecraft:shield":2,"minecraft:charcoal":3,"minecraft:chainmail_boots":1,"minecraft:iron_bars":4,"minecraft:arrow":1,"minecraft:wooden_pickaxe":4,"minecraft:stone_pickaxe":4},"minecraft:custom":{"minecraft:mob_kills":50,"minecraft:interact_with_crafting_table":34,"minecraft:leave_game":2,"minecraft:time_since_death":17288,"minecraft:climb_one_cm":12,"minecraft:sprint_one_cm":354787,"minecraft:walk_one_cm":463382,"minecraft:damage_blocked_by_shield":1685,"minecraft:drop":73,"minecraft:deaths":6,"minecraft:sneak_time":1220,"minecraft:walk_under_water_one_cm":593,"minecraft:jump":962,"minecraft:walk_on_water_one_cm":1615,"minecraft:interact_with_furnace":9,"minecraft:play_one_minute":113380,"minecraft:sleep_in_bed":5,"minecraft:time_since_rest":17442,"minecraft:damage_taken":4556,"minecraft:damage_dealt":8255,"minecraft:swim_one_cm":1512,"minecraft:fly_one_cm":91303,"minecraft:player_kills":4,"minecraft:open_chest":71,"minecraft:crouch_one_cm":4149,"minecraft:fall_one_cm":12558},"minecraft:used":{"minecraft:stone_sword":6,"minecraft:spruce_planks":15,"minecraft:chest":1,"minecraft:shield":39,"minecraft:iron_sword":155,"minecraft:cooked_chicken":10,"minecraft:rotten_flesh":20,"minecraft:torch":85,"minecraft:dirt":3,"minecraft:carrot":10,"minecraft:dark_oak_planks":36,"minecraft:wooden_axe":53,"minecraft:iron_axe":13,"minecraft:furnace":2,"minecraft:egg":3,"minecraft:cooked_beef":7,"minecraft:birch_planks":13,"minecraft:polished_andesite":84,"minecraft:stone_pickaxe":177,"minecraft:baked_potato":11,"minecraft:wooden_pickaxe":5,"minecraft:crafting_table":7,"minecraft:lime_bed":4,"minecraft:apple":4,"minecraft:dark_oak_log":8,"minecraft:melon_slice":6,"minecraft:bread":3,"minecraft:iron_pickaxe":50,"minecraft:stone_button":1,"minecraft:stone_axe":171,"minecraft:cobblestone":39,"minecraft:potion":2},"minecraft:killed":{"minecraft:cave_spider":2,"minecraft:spider":12,"minecraft:skeleton":8,"minecraft:zombie":20},"minecraft:crafted":{"minecraft:furnace":1,"minecraft:stone_button":1,"minecraft:stone":1,"minecraft:iron_axe":1,"minecraft:stone_pickaxe":1,"minecraft:chest":1,"minecraft:dark_oak_planks":122,"minecraft:wheat":9,"minecraft:crafting_table":5,"minecraft:baked_potato":7,"minecraft:wooden_pickaxe":1,"minecraft:iron_sword":1,"minecraft:birch_planks":48,"minecraft:stone_axe":1,"minecraft:bread":3,"minecraft:stick":8,"minecraft:iron_pickaxe":1,"minecraft:wooden_axe":1,"minecraft:torch":4},"minecraft:picked_up":{"minecraft:wooden_axe":1,"minecraft:charcoal":6,"minecraft:crafting_table":4,"minecraft:wheat":3,"minecraft:chainmail_boots":1,"minecraft:clay_ball":2,"minecraft:golden_pickaxe":2,"minecraft:lead":7,"minecraft:wooden_pickaxe":4,"minecraft:enchanted_book":1,"minecraft:potion":3,"minecraft:brick":52,"minecraft:shield":4,"minecraft:cornflower":6,"minecraft:string":13,"minecraft:iron_axe":1,"minecraft:wooden_sword":1,"minecraft:cracked_stone_bricks":6,"minecraft:gold_nugget":89,"minecraft:spruce_planks":175,"minecraft:poppy":1,"minecraft:iron_pickaxe":1,"minecraft:melon_slice":4,"minecraft:furnace":2,"minecraft:stick":26,"minecraft:stone":10,"minecraft:torch":264,"minecraft:carrot":11,"minecraft:redstone":9,"minecraft:dark_oak_planks":411,"minecraft:tnt":12,"minecraft:stone_sword":2,"minecraft:arrow":60,"minecraft:rotten_flesh":111,"minecraft:peony":1,"minecraft:hay_block":1,"minecraft:gold_ingot":17,"minecraft:iron_bars":15,"minecraft:cobblestone":77,"minecraft:birch_log":12,"minecraft:lime_bed":4,"minecraft:lilac":2,"minecraft:clock":4,"minecraft:cooked_beef":4,"minecraft:andesite":1,"minecraft:potato":7,"minecraft:birch_planks":204,"minecraft:chainmail_chestplate":3,"minecraft:golden_boots":1,"minecraft:gunpowder":5,"minecraft:dirt":3,"minecraft:name_tag":4,"minecraft:bone":74,"minecraft:apple":1,"minecraft:bow":1,"minecraft:wheat_seeds":31,"minecraft:cooked_chicken":104,"minecraft:stone_pickaxe":12,"minecraft:iron_ingot":13,"minecraft:iron_ore":9,"minecraft:glass_bottle":1,"minecraft:oak_planks":28,"minecraft:iron_sword":5,"minecraft:book":3,"minecraft:polished_andesite_stairs":3,"minecraft:chiseled_stone_bricks":2,"minecraft:dead_bush":1,"minecraft:dark_oak_log":43,"minecraft:spider_eye":4,"minecraft:polished_andesite":207,"minecraft:stone_axe":2,"minecraft:chainmail_leggings":7,"duneons:spideregg":60,"minecraft:golden_apple":2,"minecraft:chainmail_helmet":13,"minecraft:baked_potato":2,"minecraft:stripped_dark_oak_log":8,"minecraft:coal":373,"minecraft:ender_pearl":3}},"DataVersion":2586}