{"stats":{"minecraft:mined":{"minecraft:dark_oak_planks":3,"duneons:bigferncreeperwoods":1,"minecraft:dark_oak_log":42,"duneons:spideregg":12,"minecraft:yellow_carpet":1,"duneons:peonydied":4,"minecraft:chiseled_stone_bricks":2,"minecraft:spawner":9,"minecraft:hay_block":1,"duneons:biggrasscreeper":1,"minecraft:furnace":2,"minecraft:iron_ore":10,"minecraft:andesite":1,"minecraft:iron_bars":7,"minecraft:stone":50,"minecraft:redstone_block":2,"minecraft:stripped_dark_oak_log":3,"minecraft:crafting_table":2,"minecraft:cornflower":1,"minecraft:torch":2,"minecraft:poppy":1,"minecraft:campfire":1,"minecraft:tall_grass":12,"minecraft:cobblestone":14,"duneons:smalltallgrasscreeperwoods":1,"minecraft:wall_torch":2,"minecraft:birch_planks":4,"minecraft:lime_bed":5,"minecraft:birch_log":12,"minecraft:wheat":2,"minecraft:lilac":1,"minecraft:birch_leaves":3,"duneons:creeperwoodstallgrass":41,"minecraft:grass":72,"minecraft:coal_ore":42,"minecraft:dirt":1,"minecraft:polished_andesite":26,"minecraft:oak_leaves":1},"minecraft:killed_by":{"minecraft:player":1,"minecraft:creeper":2,"minecraft:zombie":2},"minecraft:dropped":{"minecraft:iron_sword":2,"minecraft:birch_planks":29,"minecraft:wheat_seeds":9,"minecraft:glass_bottle":1,"minecraft:cobblestone":8,"minecraft:lead":1,"minecraft:apple":1,"minecraft:cracked_stone_bricks":2,"minecraft:chainmail_helmet":4,"minecraft:coal":41,"minecraft:polished_andesite":19,"minecraft:torch":4,"minecraft:wooden_axe":1,"minecraft:melon_slice":3,"minecraft:potion":1,"minecraft:polished_andesite_stairs":1,"minecraft:chainmail_leggings":4,"minecraft:redstone":6,"minecraft:furnace":1,"minecraft:cooked_chicken":1,"minecraft:stone_sword":1,"minecraft:stripped_dark_oak_log":2,"minecraft:oak_planks":25,"duneons:spideregg":20,"minecraft:stone":5,"minecraft:charcoal":3,"minecraft:iron_bars":4,"minecraft:arrow":1,"minecraft:wooden_pickaxe":4,"minecraft:stone_pickaxe":1},"minecraft:custom":{"minecraft:mob_kills":35,"minecraft:interact_with_crafting_table":32,"minecraft:leave_game":2,"minecraft:time_since_death":47840,"minecraft:climb_one_cm":12,"minecraft:sprint_one_cm":288605,"minecraft:walk_one_cm":348824,"minecraft:damage_blocked_by_shield":1145,"minecraft:drop":56,"minecraft:deaths":5,"minecraft:sneak_time":1032,"minecraft:walk_under_water_one_cm":85,"minecraft:jump":800,"minecraft:walk_on_water_one_cm":108,"minecraft:interact_with_furnace":8,"minecraft:play_one_minute":89380,"minecraft:sleep_in_bed":5,"minecraft:time_since_rest":20952,"minecraft:damage_taken":3197,"minecraft:damage_dealt":6107,"minecraft:swim_one_cm":1512,"minecraft:fly_one_cm":71414,"minecraft:player_kills":4,"minecraft:open_chest":53,"minecraft:crouch_one_cm":3676,"minecraft:fall_one_cm":9569},"minecraft:used":{"minecraft:stone_sword":5,"minecraft:chest":1,"minecraft:shield":24,"minecraft:iron_sword":105,"minecraft:rotten_flesh":20,"minecraft:torch":68,"minecraft:dirt":3,"minecraft:carrot":10,"minecraft:dark_oak_planks":17,"minecraft:wooden_axe":53,"minecraft:furnace":2,"minecraft:egg":3,"minecraft:cooked_beef":7,"minecraft:birch_planks":4,"minecraft:polished_andesite":73,"minecraft:stone_pickaxe":177,"minecraft:baked_potato":4,"minecraft:wooden_pickaxe":5,"minecraft:crafting_table":7,"minecraft:lime_bed":3,"minecraft:apple":3,"minecraft:dark_oak_log":8,"minecraft:melon_slice":6,"minecraft:bread":3,"minecraft:stone_button":1,"minecraft:stone_axe":171,"minecraft:cobblestone":33,"minecraft:potion":1},"minecraft:killed":{"minecraft:spider":11,"minecraft:skeleton":2,"minecraft:zombie":16},"minecraft:crafted":{"minecraft:furnace":1,"minecraft:stone_button":1,"minecraft:stone":1,"minecraft:iron_axe":1,"minecraft:stone_pickaxe":1,"minecraft:chest":1,"minecraft:dark_oak_planks":122,"minecraft:wheat":9,"minecraft:crafting_table":5,"minecraft:wooden_pickaxe":1,"minecraft:iron_sword":1,"minecraft:birch_planks":48,"minecraft:stone_axe":1,"minecraft:bread":3,"minecraft:stick":8,"minecraft:iron_pickaxe":1,"minecraft:wooden_axe":1,"minecraft:torch":4},"minecraft:picked_up":{"minecraft:wooden_axe":1,"minecraft:charcoal":6,"minecraft:crafting_table":3,"minecraft:wheat":3,"minecraft:lead":7,"minecraft:wooden_pickaxe":4,"minecraft:potion":1,"minecraft:brick":52,"minecraft:shield":3,"minecraft:cornflower":6,"minecraft:string":7,"minecraft:cracked_stone_bricks":4,"minecraft:gold_nugget":41,"minecraft:spruce_planks":172,"minecraft:poppy":1,"minecraft:melon_slice":4,"minecraft:furnace":2,"minecraft:stick":26,"minecraft:stone":10,"minecraft:torch":233,"minecraft:carrot":3,"minecraft:redstone":3,"minecraft:dark_oak_planks":359,"minecraft:tnt":12,"minecraft:stone_sword":1,"minecraft:arrow":8,"minecraft:rotten_flesh":43,"minecraft:peony":1,"minecraft:hay_block":1,"minecraft:gold_ingot":7,"minecraft:iron_bars":15,"minecraft:cobblestone":68,"minecraft:birch_log":12,"minecraft:lime_bed":3,"minecraft:lilac":2,"minecraft:clock":4,"minecraft:cooked_beef":4,"minecraft:potato":7,"minecraft:birch_planks":183,"minecraft:gunpowder":5,"minecraft:dirt":3,"minecraft:name_tag":4,"minecraft:bone":43,"minecraft:wheat_seeds":31,"minecraft:stone_pickaxe":9,"minecraft:iron_ingot":4,"minecraft:iron_ore":9,"minecraft:glass_bottle":1,"minecraft:oak_planks":28,"minecraft:iron_sword":3,"minecraft:polished_andesite_stairs":2,"minecraft:dark_oak_log":43,"minecraft:spider_eye":3,"minecraft:polished_andesite":148,"minecraft:stone_axe":2,"minecraft:chainmail_leggings":6,"duneons:spideregg":60,"minecraft:chainmail_helmet":11,"minecraft:stripped_dark_oak_log":8,"minecraft:coal":302,"minecraft:ender_pearl":1}},"DataVersion":2586}