{"stats":{"minecraft:custom":{"minecraft:interact_with_crafting_table":43,"minecraft:leave_game":3,"minecraft:time_since_death":5079,"minecraft:damage_resisted":51,"minecraft:sprint_one_cm":1498461,"minecraft:damage_blocked_by_shield":5975,"minecraft:drop":147,"minecraft:play_noteblock":1,"minecraft:deaths":31,"minecraft:jump":3070,"minecraft:walk_on_water_one_cm":5695,"minecraft:interact_with_furnace":12,"minecraft:interact_with_cartography_table":2,"minecraft:play_one_minute":370714,"minecraft:sleep_in_bed":13,"minecraft:damage_dealt":27808,"minecraft:player_kills":15,"minecraft:crouch_one_cm":10153,"minecraft:mob_kills":153,"minecraft:damage_dealt_resisted":1960,"minecraft:climb_one_cm":28343,"minecraft:walk_one_cm":1034999,"minecraft:sneak_time":3486,"minecraft:walk_under_water_one_cm":2425,"minecraft:time_since_rest":5112,"minecraft:damage_taken":20596,"minecraft:damage_absorbed":391,"minecraft:swim_one_cm":11313,"minecraft:fly_one_cm":391770,"minecraft:open_chest":281,"minecraft:fall_one_cm":65137},"minecraft:used":{"minecraft:iron_shovel":2,"minecraft:chest":4,"minecraft:shield":96,"minecraft:stone":5,"minecraft:iron_sword":700,"minecraft:rotten_flesh":76,"securitycraft:keypad_item":1,"minecraft:carrot":19,"minecraft:stone_bricks":8,"minecraft:bow":84,"minecraft:furnace":2,"minecraft:egg":3,"minecraft:mossy_stone_bricks":3,"minecraft:stripped_birch_log":1,"minecraft:stone_pickaxe":179,"minecraft:ender_pearl":1,"minecraft:wooden_pickaxe":11,"minecraft:diamond_axe":4,"minecraft:golden_apple":5,"duneons:strengthenironpickaxe":34,"minecraft:dark_oak_log":8,"minecraft:melon_slice":6,"minecraft:bread":10,"minecraft:stone_button":1,"minecraft:polished_granite":6,"minecraft:diamond_sword":57,"minecraft:andesite":1,"minecraft:golden_pickaxe":3,"minecraft:iron_bars":14,"minecraft:stone_sword":6,"minecraft:spruce_planks":156,"minecraft:cooked_chicken":43,"minecraft:torch":205,"minecraft:dirt":26,"minecraft:wooden_axe":53,"minecraft:dark_oak_planks":39,"minecraft:iron_axe":52,"minecraft:stone_pressure_plate":1,"minecraft:cooked_beef":14,"minecraft:cooked_mutton":2,"minecraft:birch_planks":13,"minecraft:polished_andesite":84,"minecraft:baked_potato":15,"minecraft:salmon":1,"minecraft:mossy_cobblestone":2,"minecraft:crafting_table":8,"minecraft:lime_bed":12,"minecraft:diamond_pickaxe":102,"minecraft:apple":16,"minecraft:iron_pickaxe":96,"minecraft:stone_axe":228,"minecraft:cobblestone":48,"minecraft:potion":5,"minecraft:porkchop":2},"minecraft:dropped":{"minecraft:iron_sword":5,"minecraft:birch_planks":29,"minecraft:golden_pickaxe":4,"minecraft:glass_bottle":2,"minecraft:diamond":3,"minecraft:sandstone_stairs":3,"minecraft:cracked_stone_bricks":3,"minecraft:music_disc_13":1,"minecraft:flint":1,"minecraft:gold_nugget":6,"minecraft:wooden_sword":2,"minecraft:cooked_chicken":24,"minecraft:golden_chestplate":5,"minecraft:wheat":3,"minecraft:stripped_dark_oak_log":2,"minecraft:oak_planks":25,"minecraft:diamond_shovel":3,"minecraft:chainmail_chestplate":6,"minecraft:charcoal":3,"minecraft:leather_boots":1,"minecraft:chainmail_boots":1,"minecraft:iron_bars":9,"minecraft:arrow":1,"minecraft:iron_ingot":5,"minecraft:wheat_seeds":9,"minecraft:mossy_cobblestone":1,"minecraft:iron_helmet":2,"minecraft:cobblestone":12,"minecraft:lead":1,"minecraft:book":3,"minecraft:apple":4,"minecraft:chainmail_helmet":5,"minecraft:coal":41,"minecraft:polished_andesite":20,"minecraft:diorite":1,"minecraft:torch":4,"minecraft:wooden_axe":1,"minecraft:melon_slice":3,"minecraft:diamond_helmet":2,"minecraft:potion":2,"minecraft:iron_leggings":2,"duneons:flowerpatch":2,"minecraft:polished_andesite_stairs":1,"minecraft:chainmail_leggings":5,"minecraft:redstone_block":2,"minecraft:redstone":13,"minecraft:furnace":1,"minecraft:stone_sword":4,"minecraft:stone_shovel":1,"minecraft:iron_boots":1,"duneons:spideregg":20,"minecraft:stone":5,"minecraft:shield":6,"minecraft:diamond_pickaxe":3,"minecraft:andesite":1,"minecraft:mossy_stone_bricks":6,"minecraft:spider_eye":3,"minecraft:bamboo":5,"minecraft:stone_pickaxe":5,"minecraft:wooden_pickaxe":4},"minecraft:crafted":{"minecraft:stone":1,"minecraft:chest":4,"minecraft:crafting_table":5,"minecraft:spruce_planks":56,"minecraft:wooden_pickaxe":1,"minecraft:baked_potato":7,"minecraft:birch_planks":48,"minecraft:stick":12,"minecraft:iron_pickaxe":1,"minecraft:gold_ingot":8,"minecraft:furnace":1,"minecraft:stone_button":1,"minecraft:iron_axe":1,"minecraft:stone_pickaxe":1,"minecraft:dark_oak_planks":122,"minecraft:wheat":9,"minecraft:iron_sword":3,"minecraft:stone_axe":1,"minecraft:bread":3,"minecraft:wooden_axe":1,"minecraft:torch":26},"minecraft:broken":{"minecraft:iron_boots":1,"minecraft:iron_chestplate":1,"minecraft:iron_leggings":1,"minecraft:chainmail_chestplate":1,"minecraft:iron_sword":2,"minecraft:diamond_chestplate":1,"minecraft:iron_helmet":1},"minecraft:mined":{"minecraft:dark_oak_planks":11,"minecraft:spruce_planks":43,"minecraft:stone_pressure_plate":2,"minecraft:grass_block":19,"minecraft:yellow_carpet":1,"minecraft:chiseled_stone_bricks":2,"minecraft:spawner":52,"duneons:biggrasscreeper":5,"minecraft:mossy_cobblestone_stairs":1,"minecraft:iron_ore":19,"minecraft:nether_brick_stairs":5,"minecraft:iron_bars":48,"minecraft:polished_granite_stairs":1,"minecraft:torch":6,"minecraft:poppy":2,"minecraft:dead_bush":3,"minecraft:nether_brick_slab":2,"minecraft:cobblestone":18,"minecraft:sugar_cane":6,"minecraft:wall_torch":5,"minecraft:birch_log":24,"minecraft:wheat":2,"minecraft:lilac":1,"duneons:creeperwoodstallgrass":98,"minecraft:stone_brick_stairs":4,"minecraft:grass":177,"duneons:flowerpatch":3,"minecraft:dirt":18,"minecraft:netherrack":1,"minecraft:oak_leaves":1,"minecraft:mossy_cobblestone":12,"duneons:bigferncreeperwoods":3,"minecraft:dark_oak_log":43,"minecraft:stripped_birch_log":2,"duneons:spideregg":12,"duneons:sandbrick":1,"minecraft:nether_bricks":8,"minecraft:sandstone":3,"duneons:peonydied":5,"minecraft:hay_block":1,"minecraft:furnace":2,"minecraft:andesite":2,"minecraft:mossy_stone_brick_stairs":1,"minecraft:bookshelf":1,"minecraft:vine":38,"minecraft:stone":63,"minecraft:redstone_block":7,"minecraft:stripped_dark_oak_log":3,"minecraft:polished_granite":9,"minecraft:crafting_table":3,"minecraft:cornflower":1,"minecraft:campfire":1,"minecraft:tall_grass":25,"duneons:smalltallgrasscreeperwoods":2,"minecraft:spruce_stairs":1,"minecraft:birch_planks":9,"minecraft:lime_bed":12,"minecraft:spruce_log":5,"minecraft:birch_leaves":8,"minecraft:coal_ore":42,"minecraft:cracked_stone_bricks":7,"minecraft:stone_bricks":5,"minecraft:polished_andesite":35,"minecraft:mossy_stone_bricks":15},"minecraft:picked_up":{"minecraft:wooden_axe":1,"minecraft:iron_chestplate":13,"minecraft:wheat":12,"securitycraft:keypad_item":1,"minecraft:chainmail_boots":7,"minecraft:redstone_block":5,"minecraft:diamond_sword":4,"minecraft:lead":7,"minecraft:enchanted_book":14,"minecraft:potion":28,"minecraft:string":112,"minecraft:iron_leggings":15,"minecraft:gold_nugget":192,"minecraft:bucket":1,"minecraft:spruce_planks":745,"duneons:strengthenironpickaxe":2,"minecraft:iron_pickaxe":10,"minecraft:melon_slice":4,"minecraft:coal_block":3,"minecraft:iron_boots":24,"minecraft:furnace":2,"minecraft:tipped_arrow":3,"minecraft:stick":397,"minecraft:torch":377,"minecraft:spruce_stairs":13,"minecraft:porkchop":2,"minecraft:diorite":3,"minecraft:golden_chestplate":8,"minecraft:stone_sword":3,"minecraft:rotten_flesh":793,"minecraft:iron_bars":72,"minecraft:cobblestone":122,"minecraft:birch_log":48,"minecraft:lilac":2,"minecraft:cooked_beef":10,"minecraft:andesite":4,"minecraft:potato":11,"minecraft:flint":13,"minecraft:dirt":93,"minecraft:lapis_lazuli":18,"minecraft:stripped_birch_log":4,"minecraft:polished_granite":9,"minecraft:name_tag":4,"minecraft:leather_boots":2,"minecraft:bone":230,"minecraft:bow":20,"minecraft:wheat_seeds":56,"minecraft:mossy_stone_bricks":18,"minecraft:diamond_helmet":7,"minecraft:bamboo":5,"minecraft:mossy_stone_brick_stairs":4,"minecraft:oak_planks":28,"minecraft:music_disc_13":1,"minecraft:nether_brick_stairs":13,"minecraft:ink_sac":3,"minecraft:dead_bush":1,"minecraft:dark_oak_log":44,"minecraft:mossy_cobblestone":10,"minecraft:polished_andesite":213,"minecraft:diamond":2,"duneons:flowerpatch":7,"minecraft:golden_apple":4,"minecraft:chainmail_helmet":21,"minecraft:emerald":33,"minecraft:netherrack":1,"minecraft:diamond_pickaxe":15,"minecraft:charcoal":6,"minecraft:crafting_table":6,"iceandfire:witherbone":26,"minecraft:chicken":3,"minecraft:clay_ball":8,"minecraft:leather_leggings":4,"minecraft:golden_pickaxe":10,"minecraft:brown_mushroom":1,"minecraft:wooden_pickaxe":6,"minecraft:shield":23,"minecraft:brick":52,"minecraft:cornflower":6,"minecraft:wooden_sword":2,"minecraft:iron_axe":7,"minecraft:iron_shovel":6,"minecraft:cracked_stone_bricks":6,"minecraft:iron_nugget":28,"minecraft:poppy":5,"minecraft:sugar_cane":15,"minecraft:phantom_membrane":18,"minecraft:sandstone":5,"minecraft:stone":25,"minecraft:carrot":32,"minecraft:redstone":16,"minecraft:stone_pressure_plate":4,"minecraft:dark_oak_planks":622,"minecraft:tnt":12,"minecraft:polished_granite_stairs":1,"minecraft:diamond_chestplate":3,"iceandfire:silver_ingot":5,"minecraft:arrow":326,"minecraft:stone_shovel":4,"minecraft:peony":1,"minecraft:nether_bricks":2,"minecraft:hay_block":1,"minecraft:sandstone_stairs":6,"minecraft:saddle":8,"minecraft:gold_ingot":67,"minecraft:white_wool":11,"minecraft:lime_bed":14,"minecraft:clock":4,"minecraft:salmon":3,"minecraft:birch_planks":204,"minecraft:chainmail_chestplate":16,"minecraft:golden_boots":1,"minecraft:gunpowder":34,"minecraft:paper":6,"minecraft:cooked_mutton":20,"minecraft:apple":13,"minecraft:stone_bricks":27,"minecraft:iron_ingot":123,"minecraft:stone_pickaxe":13,"minecraft:cooked_chicken":155,"minecraft:iron_ore":18,"securitycraft:universal_block_reinforcer_lvl1":1,"minecraft:glass_bottle":10,"minecraft:iron_sword":26,"minecraft:book":6,"minecraft:polished_andesite_stairs":3,"minecraft:chiseled_stone_bricks":2,"minecraft:spruce_log":19,"minecraft:spider_eye":15,"minecraft:diamond_shovel":4,"minecraft:slime_ball":3,"minecraft:stone_axe":14,"duneons:spideregg":60,"minecraft:chainmail_leggings":13,"minecraft:iron_helmet":5,"duneons:vangardpotion":3,"minecraft:diamond_axe":2,"minecraft:baked_potato":2,"minecraft:stripped_dark_oak_log":8,"minecraft:coal":801,"minecraft:ender_pearl":9},"minecraft:killed":{"minecraft:cave_spider":7,"minecraft:spider":30,"duneons:wraith":4,"minecraft:skeleton":24,"minecraft:pig":1,"minecraft:salmon":3,"minecraft:iron_golem":1,"minecraft:sheep":3,"minecraft:zombie":55,"minecraft:stray":4,"duneons:zombievangruard":1,"minecraft:wither_skeleton":5},"minecraft:killed_by":{"minecraft:creeper":4,"minecraft:cave_spider":1,"minecraft:zombie":14,"duneons:wraith":1,"minecraft:player":6,"minecraft:spider":1,"minecraft:iron_golem":2,"duneons:zombievangruard":1,"minecraft:skeleton":1}},"DataVersion":2586}