{"stats":{"minecraft:mined":{"minecraft:dark_oak_planks":7,"minecraft:spruce_planks":4,"minecraft:mossy_cobblestone":6,"duneons:bigferncreeperwoods":1,"minecraft:dark_oak_log":42,"duneons:spideregg":12,"minecraft:yellow_carpet":1,"duneons:peonydied":4,"minecraft:chiseled_stone_bricks":2,"minecraft:spawner":17,"minecraft:hay_block":1,"duneons:biggrasscreeper":1,"minecraft:furnace":2,"minecraft:mossy_cobblestone_stairs":1,"minecraft:iron_ore":10,"minecraft:andesite":1,"minecraft:mossy_stone_brick_stairs":1,"minecraft:bookshelf":1,"minecraft:vine":8,"minecraft:iron_bars":13,"minecraft:stone":55,"minecraft:redstone_block":2,"minecraft:stripped_dark_oak_log":3,"minecraft:crafting_table":2,"minecraft:cornflower":1,"minecraft:torch":2,"minecraft:poppy":1,"minecraft:campfire":1,"minecraft:tall_grass":12,"minecraft:cobblestone":17,"duneons:smalltallgrasscreeperwoods":1,"minecraft:wall_torch":2,"minecraft:birch_planks":9,"minecraft:lime_bed":5,"minecraft:birch_log":12,"minecraft:wheat":2,"minecraft:lilac":1,"minecraft:birch_leaves":3,"minecraft:stone_brick_stairs":3,"duneons:creeperwoodstallgrass":41,"minecraft:grass":72,"minecraft:coal_ore":42,"minecraft:dirt":1,"minecraft:cracked_stone_bricks":7,"minecraft:stone_bricks":3,"minecraft:polished_andesite":31,"minecraft:mossy_stone_bricks":9,"minecraft:oak_leaves":1},"minecraft:killed_by":{"minecraft:player":1,"minecraft:creeper":2,"minecraft:zombie":3},"minecraft:dropped":{"minecraft:iron_sword":3,"minecraft:birch_planks":29,"minecraft:wheat_seeds":9,"minecraft:golden_pickaxe":2,"minecraft:glass_bottle":2,"minecraft:cobblestone":11,"minecraft:lead":1,"minecraft:apple":4,"minecraft:cracked_stone_bricks":3,"minecraft:chainmail_helmet":5,"minecraft:coal":41,"minecraft:flint":1,"minecraft:polished_andesite":19,"minecraft:torch":4,"minecraft:wooden_axe":1,"minecraft:melon_slice":3,"minecraft:potion":2,"minecraft:wooden_sword":2,"minecraft:polished_andesite_stairs":1,"minecraft:chainmail_leggings":4,"minecraft:redstone":6,"minecraft:furnace":1,"minecraft:cooked_chicken":19,"minecraft:stone_sword":3,"minecraft:stripped_dark_oak_log":2,"minecraft:oak_planks":25,"minecraft:chainmail_chestplate":2,"duneons:spideregg":20,"minecraft:stone":5,"minecraft:shield":2,"minecraft:diamond_pickaxe":1,"minecraft:charcoal":3,"minecraft:mossy_stone_bricks":5,"minecraft:chainmail_boots":1,"minecraft:iron_bars":4,"minecraft:arrow":1,"minecraft:wooden_pickaxe":4,"minecraft:stone_pickaxe":4},"minecraft:custom":{"minecraft:mob_kills":66,"minecraft:interact_with_crafting_table":34,"minecraft:leave_game":2,"minecraft:time_since_death":29288,"minecraft:climb_one_cm":2893,"minecraft:sprint_one_cm":396469,"minecraft:walk_one_cm":520836,"minecraft:damage_blocked_by_shield":1685,"minecraft:drop":81,"minecraft:deaths":6,"minecraft:sneak_time":1238,"minecraft:walk_under_water_one_cm":593,"minecraft:jump":1040,"minecraft:walk_on_water_one_cm":1615,"minecraft:interact_with_furnace":9,"minecraft:play_one_minute":125380,"minecraft:sleep_in_bed":5,"minecraft:time_since_rest":29442,"minecraft:damage_taken":5416,"minecraft:damage_dealt":10801,"minecraft:swim_one_cm":1512,"minecraft:fly_one_cm":95916,"minecraft:player_kills":6,"minecraft:open_chest":74,"minecraft:crouch_one_cm":4244,"minecraft:fall_one_cm":13580},"minecraft:used":{"minecraft:stone_sword":6,"minecraft:spruce_planks":32,"minecraft:chest":1,"minecraft:shield":39,"minecraft:iron_sword":217,"minecraft:cooked_chicken":23,"minecraft:rotten_flesh":20,"minecraft:torch":91,"minecraft:dirt":3,"minecraft:carrot":10,"minecraft:dark_oak_planks":36,"minecraft:wooden_axe":53,"minecraft:iron_axe":15,"minecraft:furnace":2,"minecraft:egg":3,"minecraft:cooked_beef":7,"minecraft:birch_planks":13,"minecraft:polished_andesite":84,"minecraft:stone_pickaxe":177,"minecraft:baked_potato":11,"minecraft:wooden_pickaxe":5,"minecraft:crafting_table":7,"minecraft:lime_bed":4,"minecraft:apple":4,"minecraft:dark_oak_log":8,"minecraft:melon_slice":6,"minecraft:bread":3,"minecraft:iron_pickaxe":70,"minecraft:stone_button":1,"minecraft:stone_axe":171,"minecraft:cobblestone":39,"minecraft:potion":2},"minecraft:killed":{"minecraft:cave_spider":4,"minecraft:spider":13,"minecraft:skeleton":8,"minecraft:zombie":28,"minecraft:stray":3},"minecraft:crafted":{"minecraft:furnace":1,"minecraft:stone_button":1,"minecraft:stone":1,"minecraft:iron_axe":1,"minecraft:stone_pickaxe":1,"minecraft:chest":1,"minecraft:dark_oak_planks":122,"minecraft:wheat":9,"minecraft:crafting_table":5,"minecraft:baked_potato":7,"minecraft:wooden_pickaxe":1,"minecraft:iron_sword":1,"minecraft:birch_planks":48,"minecraft:stone_axe":1,"minecraft:bread":3,"minecraft:stick":8,"minecraft:iron_pickaxe":1,"minecraft:wooden_axe":1,"minecraft:torch":4},"minecraft:picked_up":{"minecraft:wooden_axe":1,"minecraft:charcoal":6,"minecraft:crafting_table":4,"minecraft:wheat":3,"minecraft:chainmail_boots":3,"minecraft:clay_ball":2,"minecraft:golden_pickaxe":3,"minecraft:lead":7,"minecraft:wooden_pickaxe":4,"minecraft:enchanted_book":1,"minecraft:potion":5,"minecraft:brick":52,"minecraft:shield":4,"minecraft:cornflower":6,"minecraft:string":15,"minecraft:iron_axe":1,"minecraft:wooden_sword":2,"minecraft:cracked_stone_bricks":6,"minecraft:gold_nugget":89,"minecraft:spruce_planks":178,"minecraft:poppy":1,"minecraft:iron_pickaxe":1,"minecraft:melon_slice":4,"minecraft:furnace":2,"minecraft:tipped_arrow":3,"minecraft:stick":26,"minecraft:stone":10,"minecraft:torch":264,"minecraft:carrot":11,"minecraft:redstone":9,"minecraft:dark_oak_planks":412,"minecraft:tnt":12,"minecraft:stone_sword":2,"minecraft:arrow":63,"minecraft:rotten_flesh":116,"minecraft:peony":1,"minecraft:hay_block":1,"minecraft:gold_ingot":17,"minecraft:iron_bars":18,"minecraft:cobblestone":77,"minecraft:birch_log":12,"minecraft:lime_bed":5,"minecraft:lilac":2,"minecraft:clock":4,"minecraft:cooked_beef":4,"minecraft:andesite":1,"minecraft:potato":7,"minecraft:birch_planks":204,"minecraft:flint":1,"minecraft:chainmail_chestplate":4,"minecraft:golden_boots":1,"minecraft:gunpowder":18,"minecraft:dirt":3,"minecraft:name_tag":4,"minecraft:leather_boots":1,"minecraft:bone":80,"minecraft:apple":1,"minecraft:bow":2,"minecraft:wheat_seeds":31,"minecraft:cooked_chicken":122,"minecraft:stone_pickaxe":12,"minecraft:iron_ingot":20,"minecraft:iron_ore":9,"minecraft:mossy_stone_bricks":7,"minecraft:glass_bottle":1,"minecraft:mossy_stone_brick_stairs":1,"minecraft:oak_planks":28,"minecraft:iron_sword":6,"minecraft:book":3,"minecraft:polished_andesite_stairs":3,"minecraft:chiseled_stone_bricks":2,"minecraft:dead_bush":1,"minecraft:dark_oak_log":43,"minecraft:spider_eye":5,"minecraft:mossy_cobblestone":3,"minecraft:polished_andesite":209,"minecraft:stone_axe":2,"minecraft:chainmail_leggings":7,"duneons:spideregg":60,"minecraft:golden_apple":2,"minecraft:chainmail_helmet":14,"minecraft:baked_potato":2,"minecraft:stripped_dark_oak_log":8,"minecraft:coal":373,"minecraft:diamond_pickaxe":1,"minecraft:ender_pearl":3}},"DataVersion":2586}