{"stats":{"minecraft:mined":{"minecraft:dark_oak_planks":3,"minecraft:redstone_block":2,"duneons:bigferncreeperwoods":1,"minecraft:stripped_dark_oak_log":3,"minecraft:dark_oak_log":42,"duneons:spideregg":12,"minecraft:cornflower":1,"minecraft:crafting_table":2,"minecraft:torch":2,"minecraft:poppy":1,"minecraft:yellow_carpet":1,"minecraft:campfire":1,"minecraft:tall_grass":12,"minecraft:cobblestone":5,"duneons:smalltallgrasscreeperwoods":1,"minecraft:wall_torch":2,"duneons:peonydied":4,"minecraft:chiseled_stone_bricks":2,"minecraft:spawner":9,"duneons:biggrasscreeper":1,"minecraft:hay_block":1,"minecraft:birch_planks":4,"minecraft:lime_bed":4,"minecraft:birch_log":12,"minecraft:iron_ore":2,"minecraft:wheat":2,"minecraft:lilac":1,"minecraft:andesite":1,"minecraft:birch_leaves":3,"duneons:creeperwoodstallgrass":41,"minecraft:grass":72,"minecraft:coal_ore":39,"minecraft:iron_bars":7,"minecraft:dirt":1,"minecraft:stone":17,"minecraft:polished_andesite":26,"minecraft:oak_leaves":1},"minecraft:killed_by":{"minecraft:player":1,"minecraft:creeper":2,"minecraft:zombie":2},"minecraft:dropped":{"minecraft:iron_sword":2,"minecraft:birch_planks":29,"minecraft:wheat_seeds":9,"minecraft:cooked_chicken":1,"minecraft:stone_sword":1,"minecraft:glass_bottle":1,"minecraft:stripped_dark_oak_log":2,"minecraft:lead":1,"minecraft:cobblestone":8,"minecraft:oak_planks":25,"minecraft:cracked_stone_bricks":2,"minecraft:chainmail_helmet":4,"minecraft:coal":31,"minecraft:polished_andesite":19,"duneons:spideregg":20,"minecraft:torch":4,"minecraft:charcoal":3,"minecraft:wooden_axe":1,"minecraft:melon_slice":3,"minecraft:potion":1,"minecraft:polished_andesite_stairs":1,"minecraft:iron_bars":4,"minecraft:arrow":1,"minecraft:stone_pickaxe":1,"minecraft:wooden_pickaxe":4,"minecraft:chainmail_leggings":4},"minecraft:custom":{"minecraft:mob_kills":34,"minecraft:interact_with_crafting_table":25,"minecraft:play_one_minute":77380,"minecraft:leave_game":2,"minecraft:time_since_death":35840,"minecraft:sleep_in_bed":5,"minecraft:time_since_rest":8952,"minecraft:damage_taken":3135,"minecraft:sprint_one_cm":280197,"minecraft:walk_one_cm":316845,"minecraft:damage_blocked_by_shield":1145,"minecraft:drop":41,"minecraft:damage_dealt":5820,"minecraft:swim_one_cm":1512,"minecraft:fly_one_cm":70245,"minecraft:player_kills":4,"minecraft:open_chest":49,"minecraft:crouch_one_cm":3605,"minecraft:deaths":5,"minecraft:sneak_time":1024,"minecraft:walk_under_water_one_cm":85,"minecraft:jump":724,"minecraft:walk_on_water_one_cm":108,"minecraft:fall_one_cm":9569},"minecraft:used":{"minecraft:stone_sword":5,"minecraft:stone_pickaxe":121,"minecraft:birch_planks":4,"minecraft:polished_andesite":73,"minecraft:baked_potato":4,"minecraft:wooden_pickaxe":5,"minecraft:shield":24,"minecraft:iron_sword":98,"minecraft:rotten_flesh":20,"minecraft:torch":65,"minecraft:dirt":3,"minecraft:lime_bed":3,"minecraft:crafting_table":6,"minecraft:carrot":10,"minecraft:wooden_axe":53,"minecraft:dark_oak_planks":15,"minecraft:apple":3,"minecraft:dark_oak_log":8,"minecraft:bread":3,"minecraft:melon_slice":6,"minecraft:stone_axe":171,"minecraft:potion":1,"minecraft:egg":3,"minecraft:cooked_beef":7},"minecraft:killed":{"minecraft:spider":11,"minecraft:skeleton":2,"minecraft:zombie":15},"minecraft:crafted":{"minecraft:crafting_table":4,"minecraft:wooden_pickaxe":1,"minecraft:iron_sword":1,"minecraft:birch_planks":48,"minecraft:stone_axe":1,"minecraft:bread":3,"minecraft:stick":8,"minecraft:stone_pickaxe":1,"minecraft:wooden_axe":1,"minecraft:dark_oak_planks":122,"minecraft:torch":4,"minecraft:wheat":9},"minecraft:picked_up":{"minecraft:wooden_axe":1,"minecraft:birch_log":12,"minecraft:charcoal":6,"minecraft:lime_bed":3,"minecraft:crafting_table":3,"minecraft:cooked_beef":4,"minecraft:wheat":3,"minecraft:clock":4,"minecraft:lilac":2,"minecraft:lead":7,"minecraft:wooden_pickaxe":4,"minecraft:potato":7,"minecraft:birch_planks":183,"minecraft:potion":1,"minecraft:shield":3,"minecraft:brick":52,"minecraft:gunpowder":5,"minecraft:cornflower":6,"minecraft:string":7,"minecraft:dirt":3,"minecraft:name_tag":4,"minecraft:bone":43,"minecraft:cracked_stone_bricks":4,"minecraft:wheat_seeds":31,"minecraft:gold_nugget":41,"minecraft:iron_ingot":4,"minecraft:stone_pickaxe":9,"minecraft:poppy":1,"minecraft:glass_bottle":1,"minecraft:melon_slice":4,"minecraft:iron_sword":3,"minecraft:oak_planks":28,"minecraft:polished_andesite_stairs":2,"minecraft:stick":26,"minecraft:torch":233,"minecraft:carrot":3,"minecraft:dark_oak_log":43,"minecraft:spider_eye":3,"minecraft:dark_oak_planks":359,"minecraft:tnt":12,"minecraft:polished_andesite":148,"minecraft:stone_sword":1,"minecraft:arrow":8,"minecraft:rotten_flesh":43,"minecraft:stone_axe":2,"minecraft:peony":1,"minecraft:chainmail_leggings":6,"duneons:spideregg":60,"minecraft:hay_block":1,"minecraft:gold_ingot":7,"minecraft:chainmail_helmet":11,"minecraft:stripped_dark_oak_log":8,"minecraft:iron_bars":15,"minecraft:coal":299,"minecraft:cobblestone":23,"minecraft:ender_pearl":1}},"DataVersion":2586}