{"stats":{"minecraft:mined":{"minecraft:dark_oak_planks":5,"minecraft:grass_block":7,"minecraft:spawner":3,"minecraft:iron_ore":2,"minecraft:peony":1,"minecraft:bookshelf":1,"minecraft:iron_bars":2,"minecraft:stone":32,"minecraft:cobblestone":1,"minecraft:diorite":8,"minecraft:spruce_log":2,"minecraft:bee_nest":1,"minecraft:grass":2,"minecraft:oak_log":7,"minecraft:coal_ore":15,"minecraft:dirt":13,"minecraft:polished_andesite":14,"minecraft:oak_leaves":4},"minecraft:killed_by":{"minecraft:player":4,"minecraft:creeper":1,"minecraft:spider":2,"minecraft:skeleton":4,"minecraft:zombie":5},"minecraft:dropped":{"minecraft:enchanted_book":1,"minecraft:iron_ingot":9,"minecraft:iron_sword":3,"minecraft:birch_planks":44,"minecraft:baked_potato":2,"minecraft:ender_pearl":2,"minecraft:cobblestone":9,"minecraft:chainmail_helmet":2,"minecraft:coal":62,"minecraft:golden_apple":2,"minecraft:polished_andesite":28,"minecraft:torch":31,"minecraft:dead_bush":1,"minecraft:gold_nugget":96,"minecraft:iron_axe":1,"minecraft:iron_pickaxe":1,"minecraft:chainmail_leggings":1,"minecraft:dark_oak_planks":48,"minecraft:gold_ingot":10,"minecraft:redstone":3,"minecraft:cooked_chicken":13,"minecraft:rotten_flesh":5,"minecraft:oak_planks":1,"minecraft:carrot":8,"minecraft:chainmail_chestplate":2,"minecraft:shield":2,"minecraft:chainmail_boots":1,"minecraft:spider_eye":1,"minecraft:iron_ore":18,"minecraft:arrow":33,"minecraft:wooden_pickaxe":1},"minecraft:custom":{"minecraft:mob_kills":35,"minecraft:interact_with_crafting_table":17,"minecraft:leave_game":8,"minecraft:time_since_death":5513,"minecraft:climb_one_cm":352,"minecraft:sprint_one_cm":253584,"minecraft:walk_one_cm":494588,"minecraft:damage_blocked_by_shield":120,"minecraft:drop":116,"minecraft:deaths":16,"minecraft:sneak_time":373,"minecraft:walk_under_water_one_cm":1800,"minecraft:jump":1203,"minecraft:interact_with_brewingstand":1,"minecraft:walk_on_water_one_cm":3343,"minecraft:interact_with_furnace":10,"minecraft:play_record":1,"minecraft:play_one_minute":113934,"minecraft:sleep_in_bed":1,"minecraft:time_since_rest":5597,"minecraft:damage_taken":5893,"minecraft:damage_dealt":5836,"minecraft:swim_one_cm":6630,"minecraft:fly_one_cm":68858,"minecraft:player_kills":1,"minecraft:open_chest":51,"minecraft:crouch_one_cm":571,"minecraft:fall_one_cm":18268},"minecraft:used":{"minecraft:stone_sword":105,"minecraft:chest":1,"minecraft:shield":4,"minecraft:iron_sword":34,"minecraft:rotten_flesh":6,"minecraft:cooked_chicken":17,"minecraft:torch":25,"minecraft:carrot":2,"minecraft:dark_oak_planks":1,"minecraft:bow":7,"minecraft:furnace":3,"minecraft:cooked_beef":3,"minecraft:polished_andesite":17,"minecraft:stone_pickaxe":59,"minecraft:wooden_pickaxe":34,"minecraft:cracked_stone_bricks":1,"minecraft:music_disc_cat":1,"minecraft:crafting_table":2,"minecraft:lime_bed":1,"minecraft:apple":3,"minecraft:string":1,"minecraft:stone_axe":8,"minecraft:wooden_sword":24,"minecraft:cobblestone":11,"minecraft:potion":1,"minecraft:golden_pickaxe":6},"minecraft:killed":{"minecraft:spider":6,"minecraft:skeleton":9,"minecraft:chicken":2,"minecraft:zombie_villager":1,"minecraft:salmon":3,"minecraft:creeper":1,"minecraft:zombie":17},"minecraft:crafted":{"minecraft:wooden_sword":2,"minecraft:oak_planks":28,"minecraft:cooked_chicken":1,"minecraft:furnace":2,"minecraft:stone_pickaxe":2,"minecraft:chest":1,"minecraft:crafting_table":2,"minecraft:spruce_planks":8,"minecraft:wooden_pickaxe":1,"minecraft:iron_sword":1,"minecraft:stone_axe":1,"minecraft:stick":30,"minecraft:iron_ingot":3,"minecraft:stone_sword":1,"minecraft:torch":14},"minecraft:picked_up":{"minecraft:wooden_axe":1,"minecraft:charcoal":1,"minecraft:crafting_table":1,"minecraft:chainmail_boots":4,"minecraft:chicken":3,"minecraft:clay_ball":4,"minecraft:golden_pickaxe":3,"minecraft:lead":2,"minecraft:wooden_pickaxe":11,"minecraft:potion":13,"minecraft:enchanted_book":1,"minecraft:shield":5,"minecraft:string":11,"minecraft:iron_axe":1,"minecraft:wooden_sword":3,"minecraft:iron_shovel":4,"minecraft:cracked_stone_bricks":13,"minecraft:gold_nugget":115,"minecraft:spruce_planks":108,"minecraft:iron_nugget":14,"minecraft:iron_pickaxe":1,"minecraft:melon_slice":3,"minecraft:furnace":1,"minecraft:stick":63,"minecraft:torch":90,"minecraft:diorite":16,"minecraft:carrot":11,"minecraft:redstone":12,"minecraft:dark_oak_planks":270,"minecraft:stone_sword":7,"minecraft:arrow":71,"minecraft:rotten_flesh":151,"minecraft:peony":2,"minecraft:gold_ingot":13,"minecraft:iron_bars":5,"minecraft:cobblestone":66,"minecraft:lime_bed":5,"minecraft:feather":2,"minecraft:cooked_beef":8,"minecraft:salmon":6,"minecraft:andesite":3,"minecraft:potato":8,"minecraft:birch_planks":134,"minecraft:oak_log":7,"minecraft:chainmail_chestplate":6,"minecraft:gunpowder":33,"minecraft:dirt":34,"minecraft:bone":30,"minecraft:apple":8,"minecraft:bow":7,"minecraft:wheat_seeds":29,"minecraft:cooked_chicken":56,"minecraft:iron_ingot":11,"minecraft:stone_pickaxe":14,"minecraft:iron_ore":21,"minecraft:glass_bottle":6,"minecraft:oak_planks":62,"minecraft:iron_sword":9,"minecraft:book":9,"minecraft:polished_andesite_stairs":4,"minecraft:chiseled_stone_bricks":8,"minecraft:dead_bush":4,"minecraft:spruce_log":2,"minecraft:spider_eye":12,"minecraft:polished_andesite":207,"minecraft:yellow_carpet":3,"minecraft:stone_axe":1,"minecraft:chainmail_leggings":11,"duneons:spideregg":4,"minecraft:golden_apple":5,"minecraft:chainmail_helmet":19,"minecraft:baked_potato":2,"minecraft:stripped_dark_oak_log":6,"minecraft:coal":241,"minecraft:ender_pearl":5}},"DataVersion":2586}