{"stats":{"minecraft:mined":{"minecraft:dark_oak_planks":5,"minecraft:spruce_planks":6,"minecraft:nether_bricks":5,"minecraft:grass_block":7,"minecraft:spawner":7,"minecraft:iron_ore":2,"minecraft:nether_brick_stairs":1,"minecraft:peony":1,"minecraft:mossy_stone_brick_stairs":1,"minecraft:bookshelf":1,"minecraft:vine":1,"minecraft:iron_bars":5,"minecraft:stone":34,"minecraft:cobblestone":1,"minecraft:diorite":8,"minecraft:lime_bed":4,"minecraft:nether_wart_block":1,"minecraft:spruce_log":2,"minecraft:bee_nest":1,"minecraft:grass":2,"minecraft:oak_log":7,"minecraft:coal_ore":15,"minecraft:dirt":13,"minecraft:stone_bricks":1,"minecraft:polished_andesite":14,"minecraft:mossy_stone_bricks":2,"minecraft:oak_leaves":4},"minecraft:killed_by":{"minecraft:player":11,"minecraft:wither_skeleton":3,"minecraft:stray":1,"minecraft:creeper":1,"minecraft:spider":2,"minecraft:skeleton":4,"minecraft:zombie":19},"minecraft:dropped":{"minecraft:enchanted_book":1,"minecraft:iron_ingot":47,"minecraft:iron_sword":4,"minecraft:birch_planks":44,"minecraft:lapis_lazuli":9,"minecraft:baked_potato":2,"minecraft:mossy_cobblestone":1,"minecraft:glass_bottle":1,"minecraft:ender_pearl":2,"minecraft:cobblestone":10,"minecraft:book":3,"minecraft:mossy_stone_brick_stairs":1,"minecraft:chainmail_helmet":4,"minecraft:coal":190,"minecraft:golden_apple":3,"minecraft:stick":64,"minecraft:polished_andesite":30,"minecraft:torch":43,"minecraft:diamond_helmet":1,"minecraft:potion":1,"minecraft:dead_bush":2,"minecraft:gold_nugget":111,"minecraft:iron_axe":4,"minecraft:iron_pickaxe":3,"minecraft:iron_shovel":1,"minecraft:chainmail_leggings":1,"minecraft:string":9,"minecraft:dark_oak_planks":201,"minecraft:gold_ingot":10,"minecraft:redstone":3,"minecraft:cooked_chicken":34,"iceandfire:witherbone":4,"minecraft:rotten_flesh":128,"minecraft:oak_planks":1,"minecraft:carrot":17,"minecraft:chainmail_chestplate":5,"minecraft:chiseled_stone_bricks":2,"minecraft:lime_bed":1,"minecraft:shield":3,"minecraft:spruce_planks":54,"minecraft:diamond_pickaxe":2,"minecraft:iron_chestplate":2,"minecraft:chainmail_boots":1,"minecraft:spider_eye":3,"minecraft:iron_ore":18,"minecraft:iron_bars":5,"minecraft:arrow":33,"minecraft:wooden_pickaxe":1,"minecraft:stone_brick_stairs":2},"minecraft:custom":{"minecraft:mob_kills":57,"minecraft:interact_with_crafting_table":17,"minecraft:leave_game":8,"minecraft:time_since_death":597,"minecraft:climb_one_cm":20183,"minecraft:sprint_one_cm":366351,"minecraft:walk_one_cm":755361,"minecraft:damage_blocked_by_shield":520,"minecraft:drop":198,"minecraft:deaths":41,"minecraft:sneak_time":1364,"minecraft:walk_under_water_one_cm":4541,"minecraft:jump":1816,"minecraft:interact_with_brewingstand":1,"minecraft:walk_on_water_one_cm":6073,"minecraft:interact_with_furnace":10,"minecraft:play_record":1,"minecraft:play_one_minute":185934,"minecraft:sleep_in_bed":1,"minecraft:time_since_rest":690,"minecraft:damage_taken":13393,"minecraft:damage_absorbed":41,"minecraft:damage_dealt":10816,"minecraft:swim_one_cm":6630,"minecraft:fly_one_cm":84629,"minecraft:player_kills":3,"minecraft:open_chest":68,"minecraft:crouch_one_cm":2315,"minecraft:fall_one_cm":25529},"minecraft:used":{"minecraft:stone_sword":130,"minecraft:chest":1,"minecraft:shield":10,"minecraft:iron_sword":97,"minecraft:rotten_flesh":14,"minecraft:cooked_chicken":28,"minecraft:torch":48,"minecraft:carrot":2,"minecraft:dark_oak_planks":1,"minecraft:iron_axe":36,"minecraft:bow":10,"minecraft:furnace":3,"minecraft:cooked_beef":3,"minecraft:mossy_stone_bricks":6,"minecraft:birch_planks":5,"minecraft:polished_andesite":21,"minecraft:stone_pickaxe":67,"minecraft:wooden_pickaxe":34,"minecraft:diamond_axe":7,"minecraft:cracked_stone_bricks":2,"minecraft:golden_apple":1,"minecraft:mossy_cobblestone":2,"minecraft:music_disc_cat":1,"minecraft:crafting_table":2,"minecraft:lime_bed":4,"minecraft:diamond_pickaxe":4,"minecraft:apple":4,"minecraft:string":1,"minecraft:stone_axe":18,"minecraft:nether_wart_block":1,"minecraft:wooden_sword":24,"minecraft:cobblestone":14,"minecraft:potion":2,"minecraft:golden_pickaxe":16},"minecraft:killed":{"minecraft:cave_spider":1,"minecraft:spider":6,"minecraft:skeleton":13,"minecraft:chicken":2,"minecraft:zombie_villager":1,"minecraft:salmon":3,"minecraft:creeper":1,"minecraft:zombie":35,"minecraft:stray":2},"minecraft:broken":{"minecraft:leather_leggings":1,"minecraft:leather_boots":1},"minecraft:crafted":{"minecraft:wooden_sword":2,"minecraft:oak_planks":28,"minecraft:cooked_chicken":1,"minecraft:furnace":2,"minecraft:stone_pickaxe":2,"minecraft:chest":1,"minecraft:crafting_table":2,"minecraft:spruce_planks":8,"minecraft:wooden_pickaxe":1,"minecraft:iron_sword":1,"minecraft:stone_axe":1,"minecraft:stick":98,"minecraft:iron_ingot":3,"minecraft:stone_sword":1,"minecraft:torch":18},"minecraft:picked_up":{"minecraft:wooden_axe":1,"minecraft:charcoal":1,"minecraft:iron_chestplate":4,"minecraft:crafting_table":3,"iceandfire:witherbone":5,"minecraft:chainmail_boots":21,"minecraft:chicken":3,"minecraft:leather_leggings":3,"minecraft:clay_ball":14,"minecraft:golden_pickaxe":14,"minecraft:brown_mushroom":3,"minecraft:lead":2,"minecraft:wooden_pickaxe":11,"minecraft:potion":55,"minecraft:enchanted_book":6,"minecraft:stone_brick_stairs":4,"minecraft:shield":17,"minecraft:string":50,"minecraft:iron_axe":13,"minecraft:wooden_sword":11,"minecraft:iron_shovel":9,"minecraft:cracked_stone_bricks":19,"minecraft:gold_nugget":130,"minecraft:spruce_planks":480,"minecraft:iron_nugget":14,"minecraft:iron_pickaxe":4,"minecraft:melon_slice":3,"minecraft:iron_boots":15,"minecraft:furnace":1,"minecraft:tipped_arrow":20,"minecraft:stick":329,"minecraft:torch":178,"minecraft:diorite":16,"minecraft:carrot":38,"minecraft:redstone":12,"minecraft:dark_oak_planks":630,"minecraft:stone_sword":18,"minecraft:arrow":90,"minecraft:rotten_flesh":435,"minecraft:peony":2,"minecraft:nether_bricks":7,"minecraft:saddle":1,"minecraft:gold_ingot":13,"minecraft:iron_bars":32,"minecraft:cobblestone":71,"minecraft:lime_bed":13,"minecraft:feather":2,"minecraft:cooked_beef":18,"minecraft:salmon":6,"minecraft:andesite":3,"minecraft:golden_leggings":1,"minecraft:potato":8,"minecraft:birch_planks":191,"minecraft:flint":13,"minecraft:oak_log":7,"minecraft:chainmail_chestplate":50,"minecraft:nether_wart_block":1,"minecraft:gunpowder":164,"minecraft:lapis_lazuli":57,"minecraft:dirt":34,"minecraft:leather_boots":2,"minecraft:bone":79,"minecraft:apple":8,"minecraft:stone_bricks":1,"minecraft:bow":22,"minecraft:wheat_seeds":29,"minecraft:cobweb":4,"minecraft:cooked_chicken":207,"minecraft:iron_ingot":125,"minecraft:stone_pickaxe":22,"minecraft:iron_ore":21,"minecraft:mossy_stone_bricks":18,"minecraft:diamond_helmet":4,"minecraft:glass_bottle":8,"minecraft:oak_planks":62,"minecraft:iron_sword":22,"minecraft:mossy_stone_brick_stairs":11,"minecraft:book":18,"minecraft:polished_andesite_stairs":4,"minecraft:chiseled_stone_bricks":14,"minecraft:nether_brick_stairs":7,"minecraft:dead_bush":6,"minecraft:spruce_log":2,"minecraft:spider_eye":24,"minecraft:mossy_cobblestone":10,"minecraft:polished_andesite":549,"minecraft:diamond_shovel":4,"minecraft:diamond":7,"minecraft:yellow_carpet":3,"minecraft:stone_axe":14,"minecraft:chainmail_leggings":16,"duneons:spideregg":4,"minecraft:iron_helmet":5,"minecraft:diamond_axe":2,"minecraft:golden_apple":8,"minecraft:chainmail_helmet":45,"minecraft:baked_potato":2,"minecraft:stripped_dark_oak_log":6,"minecraft:coal":505,"minecraft:diamond_pickaxe":14,"minecraft:ender_pearl":5}},"DataVersion":2586}