{"stats":{"minecraft:mined":{"minecraft:grass_block":7,"minecraft:diorite":8,"minecraft:spawner":3,"minecraft:spruce_log":2,"minecraft:bee_nest":1,"minecraft:peony":1,"minecraft:grass":2,"minecraft:coal_ore":15,"minecraft:bookshelf":1,"minecraft:oak_log":7,"minecraft:iron_bars":2,"minecraft:dirt":13,"minecraft:polished_andesite":12,"minecraft:stone":21,"minecraft:oak_leaves":4},"minecraft:killed_by":{"minecraft:player":4,"minecraft:skeleton":2,"minecraft:creeper":1,"minecraft:spider":2,"minecraft:zombie":4},"minecraft:dropped":{"minecraft:iron_sword":2,"minecraft:birch_planks":44,"minecraft:rotten_flesh":5,"minecraft:oak_planks":1,"minecraft:chainmail_helmet":1,"minecraft:chainmail_chestplate":1,"minecraft:shield":2,"minecraft:chainmail_boots":1,"minecraft:dead_bush":1,"minecraft:spider_eye":1,"minecraft:wooden_pickaxe":1,"minecraft:chainmail_leggings":1},"minecraft:custom":{"minecraft:interact_with_furnace":3,"minecraft:mob_kills":29,"minecraft:play_record":1,"minecraft:interact_with_crafting_table":10,"minecraft:play_one_minute":89934,"minecraft:leave_game":8,"minecraft:time_since_death":24598,"minecraft:sleep_in_bed":1,"minecraft:time_since_rest":25794,"minecraft:sprint_one_cm":232329,"minecraft:damage_taken":4721,"minecraft:walk_one_cm":413751,"minecraft:drop":61,"minecraft:damage_dealt":4768,"minecraft:swim_one_cm":6630,"minecraft:fly_one_cm":64568,"minecraft:player_kills":1,"minecraft:open_chest":46,"minecraft:crouch_one_cm":566,"minecraft:deaths":13,"minecraft:sneak_time":360,"minecraft:walk_under_water_one_cm":1800,"minecraft:jump":1008,"minecraft:interact_with_brewingstand":1,"minecraft:walk_on_water_one_cm":3343,"minecraft:fall_one_cm":17095},"minecraft:used":{"minecraft:stone_sword":105,"minecraft:stone_pickaxe":40,"minecraft:polished_andesite":17,"minecraft:wooden_pickaxe":34,"minecraft:iron_sword":20,"minecraft:cooked_chicken":12,"minecraft:rotten_flesh":5,"minecraft:torch":23,"minecraft:music_disc_cat":1,"minecraft:crafting_table":1,"minecraft:carrot":2,"minecraft:string":1,"minecraft:wooden_sword":6,"minecraft:potion":1,"minecraft:stone_axe":8,"minecraft:bow":6,"minecraft:cobblestone":6,"minecraft:furnace":1,"minecraft:cooked_beef":3,"minecraft:golden_pickaxe":6},"minecraft:killed":{"minecraft:zombie_villager":1,"minecraft:salmon":3,"minecraft:spider":6,"minecraft:creeper":1,"minecraft:skeleton":7,"minecraft:zombie":12,"minecraft:chicken":2},"minecraft:crafted":{"minecraft:wooden_sword":2,"minecraft:oak_planks":28,"minecraft:crafting_table":1,"minecraft:spruce_planks":8,"minecraft:wooden_pickaxe":1,"minecraft:cooked_chicken":1,"minecraft:furnace":1,"minecraft:stone_axe":1,"minecraft:stick":30,"minecraft:stone_pickaxe":2,"minecraft:stone_sword":1,"minecraft:torch":14},"minecraft:picked_up":{"minecraft:wooden_axe":1,"minecraft:charcoal":1,"minecraft:lime_bed":1,"minecraft:feather":2,"minecraft:cooked_beef":8,"minecraft:chainmail_boots":1,"minecraft:chicken":3,"minecraft:andesite":1,"minecraft:salmon":6,"minecraft:lead":2,"minecraft:wooden_pickaxe":11,"minecraft:potato":8,"minecraft:birch_planks":73,"minecraft:potion":5,"minecraft:oak_log":7,"minecraft:chainmail_chestplate":1,"minecraft:shield":3,"minecraft:gunpowder":20,"minecraft:string":7,"minecraft:dirt":34,"minecraft:wooden_sword":1,"minecraft:iron_shovel":4,"minecraft:bone":17,"minecraft:apple":2,"minecraft:bow":4,"minecraft:cracked_stone_bricks":11,"minecraft:wheat_seeds":29,"minecraft:gold_nugget":19,"minecraft:spruce_planks":56,"minecraft:stone_pickaxe":8,"minecraft:cooked_chicken":1,"minecraft:iron_ore":2,"minecraft:iron_nugget":14,"minecraft:glass_bottle":6,"minecraft:melon_slice":3,"minecraft:iron_sword":5,"minecraft:oak_planks":62,"minecraft:book":9,"minecraft:polished_andesite_stairs":4,"minecraft:stick":33,"minecraft:torch":44,"minecraft:spruce_log":2,"minecraft:carrot":3,"minecraft:diorite":16,"minecraft:dead_bush":1,"minecraft:spider_eye":8,"minecraft:dark_oak_planks":216,"minecraft:polished_andesite":176,"minecraft:stone_sword":6,"minecraft:arrow":13,"minecraft:rotten_flesh":48,"minecraft:yellow_carpet":3,"minecraft:stone_axe":1,"minecraft:peony":2,"minecraft:chainmail_leggings":9,"duneons:spideregg":4,"minecraft:gold_ingot":3,"minecraft:chainmail_helmet":15,"minecraft:stripped_dark_oak_log":6,"minecraft:iron_bars":5,"minecraft:coal":151,"minecraft:cobblestone":49,"minecraft:ender_pearl":3}},"DataVersion":2586}