{"stats":{"minecraft:mined":{"minecraft:dark_oak_planks":5,"minecraft:spruce_planks":3,"minecraft:grass_block":7,"minecraft:spawner":7,"minecraft:iron_ore":2,"minecraft:peony":1,"minecraft:mossy_stone_brick_stairs":1,"minecraft:bookshelf":1,"minecraft:iron_bars":4,"minecraft:stone":32,"minecraft:cobblestone":1,"minecraft:diorite":8,"minecraft:lime_bed":2,"minecraft:spruce_log":2,"minecraft:bee_nest":1,"minecraft:grass":2,"minecraft:oak_log":7,"minecraft:coal_ore":15,"minecraft:dirt":13,"minecraft:stone_bricks":1,"minecraft:polished_andesite":14,"minecraft:mossy_stone_bricks":2,"minecraft:oak_leaves":4},"minecraft:killed_by":{"minecraft:player":7,"minecraft:wither_skeleton":2,"minecraft:stray":1,"minecraft:creeper":1,"minecraft:spider":2,"minecraft:skeleton":4,"minecraft:zombie":13},"minecraft:dropped":{"minecraft:enchanted_book":1,"minecraft:iron_ingot":47,"minecraft:iron_sword":4,"minecraft:birch_planks":44,"minecraft:lapis_lazuli":9,"minecraft:baked_potato":2,"minecraft:mossy_cobblestone":1,"minecraft:glass_bottle":1,"minecraft:ender_pearl":2,"minecraft:cobblestone":10,"minecraft:book":3,"minecraft:mossy_stone_brick_stairs":1,"minecraft:chainmail_helmet":3,"minecraft:coal":126,"minecraft:golden_apple":3,"minecraft:polished_andesite":30,"minecraft:torch":43,"minecraft:potion":1,"minecraft:dead_bush":2,"minecraft:gold_nugget":96,"minecraft:iron_axe":2,"minecraft:iron_pickaxe":3,"minecraft:chainmail_leggings":1,"minecraft:string":9,"minecraft:dark_oak_planks":99,"minecraft:gold_ingot":10,"minecraft:redstone":3,"minecraft:cooked_chicken":34,"minecraft:rotten_flesh":64,"minecraft:oak_planks":1,"minecraft:carrot":17,"minecraft:chainmail_chestplate":3,"minecraft:chiseled_stone_bricks":2,"minecraft:lime_bed":1,"minecraft:shield":3,"minecraft:spruce_planks":54,"minecraft:chainmail_boots":1,"minecraft:spider_eye":3,"minecraft:iron_ore":18,"minecraft:iron_bars":5,"minecraft:arrow":33,"minecraft:wooden_pickaxe":1,"minecraft:stone_brick_stairs":2},"minecraft:custom":{"minecraft:mob_kills":51,"minecraft:interact_with_crafting_table":17,"minecraft:leave_game":8,"minecraft:time_since_death":422,"minecraft:climb_one_cm":13303,"minecraft:sprint_one_cm":348191,"minecraft:walk_one_cm":672436,"minecraft:damage_blocked_by_shield":520,"minecraft:drop":180,"minecraft:deaths":30,"minecraft:sneak_time":391,"minecraft:walk_under_water_one_cm":4541,"minecraft:jump":1568,"minecraft:interact_with_brewingstand":1,"minecraft:walk_on_water_one_cm":6073,"minecraft:interact_with_furnace":10,"minecraft:play_record":1,"minecraft:play_one_minute":161934,"minecraft:sleep_in_bed":1,"minecraft:time_since_rest":566,"minecraft:damage_taken":10469,"minecraft:damage_absorbed":41,"minecraft:damage_dealt":9031,"minecraft:swim_one_cm":6630,"minecraft:fly_one_cm":81871,"minecraft:player_kills":1,"minecraft:open_chest":68,"minecraft:crouch_one_cm":824,"minecraft:fall_one_cm":22217},"minecraft:used":{"minecraft:stone_sword":130,"minecraft:chest":1,"minecraft:shield":10,"minecraft:iron_sword":95,"minecraft:rotten_flesh":14,"minecraft:cooked_chicken":27,"minecraft:torch":48,"minecraft:carrot":2,"minecraft:dark_oak_planks":1,"minecraft:bow":10,"minecraft:furnace":3,"minecraft:cooked_beef":3,"minecraft:mossy_stone_bricks":6,"minecraft:birch_planks":5,"minecraft:polished_andesite":21,"minecraft:stone_pickaxe":67,"minecraft:wooden_pickaxe":34,"minecraft:cracked_stone_bricks":2,"minecraft:golden_apple":1,"minecraft:music_disc_cat":1,"minecraft:crafting_table":2,"minecraft:lime_bed":2,"minecraft:diamond_pickaxe":2,"minecraft:apple":4,"minecraft:string":1,"minecraft:stone_axe":17,"minecraft:wooden_sword":24,"minecraft:cobblestone":11,"minecraft:potion":1,"minecraft:golden_pickaxe":6},"minecraft:killed":{"minecraft:cave_spider":1,"minecraft:spider":6,"minecraft:skeleton":13,"minecraft:chicken":2,"minecraft:zombie_villager":1,"minecraft:salmon":3,"minecraft:creeper":1,"minecraft:zombie":29,"minecraft:stray":2},"minecraft:broken":{"minecraft:leather_leggings":1},"minecraft:crafted":{"minecraft:wooden_sword":2,"minecraft:oak_planks":28,"minecraft:cooked_chicken":1,"minecraft:furnace":2,"minecraft:stone_pickaxe":2,"minecraft:chest":1,"minecraft:crafting_table":2,"minecraft:spruce_planks":8,"minecraft:wooden_pickaxe":1,"minecraft:iron_sword":1,"minecraft:stone_axe":1,"minecraft:stick":98,"minecraft:iron_ingot":3,"minecraft:stone_sword":1,"minecraft:torch":18},"minecraft:picked_up":{"minecraft:wooden_axe":1,"minecraft:charcoal":1,"minecraft:crafting_table":3,"minecraft:chainmail_boots":20,"minecraft:chicken":3,"minecraft:leather_leggings":1,"minecraft:clay_ball":4,"minecraft:golden_pickaxe":9,"minecraft:brown_mushroom":3,"minecraft:lead":2,"minecraft:wooden_pickaxe":11,"minecraft:potion":41,"minecraft:enchanted_book":5,"minecraft:stone_brick_stairs":4,"minecraft:shield":15,"minecraft:string":43,"minecraft:iron_axe":6,"minecraft:wooden_sword":11,"minecraft:iron_shovel":8,"minecraft:cracked_stone_bricks":19,"minecraft:gold_nugget":115,"minecraft:spruce_planks":415,"minecraft:iron_nugget":14,"minecraft:iron_pickaxe":4,"minecraft:melon_slice":3,"minecraft:iron_boots":10,"minecraft:furnace":1,"minecraft:tipped_arrow":17,"minecraft:stick":308,"minecraft:torch":154,"minecraft:diorite":16,"minecraft:carrot":29,"minecraft:redstone":12,"minecraft:dark_oak_planks":426,"minecraft:stone_sword":17,"minecraft:arrow":82,"minecraft:rotten_flesh":382,"minecraft:peony":2,"minecraft:gold_ingot":13,"minecraft:iron_bars":29,"minecraft:cobblestone":68,"minecraft:lime_bed":11,"minecraft:feather":2,"minecraft:cooked_beef":10,"minecraft:salmon":6,"minecraft:andesite":3,"minecraft:golden_leggings":1,"minecraft:potato":8,"minecraft:birch_planks":184,"minecraft:flint":7,"minecraft:oak_log":7,"minecraft:chainmail_chestplate":36,"minecraft:gunpowder":143,"minecraft:lapis_lazuli":45,"minecraft:dirt":34,"minecraft:bone":55,"minecraft:apple":8,"minecraft:stone_bricks":1,"minecraft:bow":20,"minecraft:wheat_seeds":29,"minecraft:cobweb":4,"minecraft:cooked_chicken":202,"minecraft:iron_ingot":125,"minecraft:stone_pickaxe":22,"minecraft:iron_ore":21,"minecraft:mossy_stone_bricks":18,"minecraft:diamond_helmet":2,"minecraft:glass_bottle":8,"minecraft:oak_planks":62,"minecraft:iron_sword":18,"minecraft:mossy_stone_brick_stairs":8,"minecraft:book":18,"minecraft:polished_andesite_stairs":4,"minecraft:chiseled_stone_bricks":14,"minecraft:dead_bush":6,"minecraft:spruce_log":2,"minecraft:spider_eye":24,"minecraft:mossy_cobblestone":5,"minecraft:polished_andesite":494,"minecraft:diamond_shovel":4,"minecraft:diamond":6,"minecraft:yellow_carpet":3,"minecraft:stone_axe":9,"minecraft:chainmail_leggings":11,"duneons:spideregg":4,"minecraft:iron_helmet":3,"minecraft:golden_apple":8,"minecraft:chainmail_helmet":35,"minecraft:baked_potato":2,"minecraft:stripped_dark_oak_log":6,"minecraft:coal":440,"minecraft:diamond_pickaxe":6,"minecraft:ender_pearl":5}},"DataVersion":2586}