{"stats":{"minecraft:mined":{"minecraft:dark_oak_planks":5,"minecraft:spruce_planks":1,"minecraft:grass_block":7,"minecraft:spawner":4,"minecraft:iron_ore":2,"minecraft:peony":1,"minecraft:mossy_stone_brick_stairs":1,"minecraft:bookshelf":1,"minecraft:iron_bars":4,"minecraft:stone":32,"minecraft:cobblestone":1,"minecraft:diorite":8,"minecraft:lime_bed":2,"minecraft:spruce_log":2,"minecraft:bee_nest":1,"minecraft:grass":2,"minecraft:oak_log":7,"minecraft:coal_ore":15,"minecraft:dirt":13,"minecraft:stone_bricks":1,"minecraft:polished_andesite":14,"minecraft:mossy_stone_bricks":2,"minecraft:oak_leaves":4},"minecraft:killed_by":{"minecraft:player":4,"minecraft:stray":1,"minecraft:creeper":1,"minecraft:spider":2,"minecraft:skeleton":4,"minecraft:zombie":6},"minecraft:dropped":{"minecraft:enchanted_book":1,"minecraft:iron_ingot":9,"minecraft:iron_sword":3,"minecraft:birch_planks":44,"minecraft:baked_potato":2,"minecraft:ender_pearl":2,"minecraft:cobblestone":9,"minecraft:chainmail_helmet":2,"minecraft:coal":62,"minecraft:golden_apple":2,"minecraft:polished_andesite":28,"minecraft:torch":31,"minecraft:dead_bush":1,"minecraft:gold_nugget":96,"minecraft:iron_axe":1,"minecraft:iron_pickaxe":1,"minecraft:chainmail_leggings":1,"minecraft:dark_oak_planks":48,"minecraft:gold_ingot":10,"minecraft:redstone":3,"minecraft:cooked_chicken":23,"minecraft:rotten_flesh":5,"minecraft:oak_planks":1,"minecraft:carrot":8,"minecraft:chainmail_chestplate":2,"minecraft:shield":2,"minecraft:chainmail_boots":1,"minecraft:spider_eye":1,"minecraft:iron_ore":18,"minecraft:arrow":33,"minecraft:wooden_pickaxe":1},"minecraft:custom":{"minecraft:mob_kills":40,"minecraft:interact_with_crafting_table":17,"minecraft:leave_game":8,"minecraft:time_since_death":1262,"minecraft:climb_one_cm":352,"minecraft:sprint_one_cm":302920,"minecraft:walk_one_cm":555344,"minecraft:damage_blocked_by_shield":180,"minecraft:drop":126,"minecraft:deaths":18,"minecraft:sneak_time":391,"minecraft:walk_under_water_one_cm":4541,"minecraft:jump":1310,"minecraft:interact_with_brewingstand":1,"minecraft:walk_on_water_one_cm":5316,"minecraft:interact_with_furnace":10,"minecraft:play_record":1,"minecraft:play_one_minute":125934,"minecraft:sleep_in_bed":1,"minecraft:time_since_rest":1574,"minecraft:damage_taken":6713,"minecraft:damage_absorbed":41,"minecraft:damage_dealt":7003,"minecraft:swim_one_cm":6630,"minecraft:fly_one_cm":75991,"minecraft:player_kills":1,"minecraft:open_chest":57,"minecraft:crouch_one_cm":629,"minecraft:fall_one_cm":18477},"minecraft:used":{"minecraft:stone_sword":120,"minecraft:chest":1,"minecraft:shield":5,"minecraft:iron_sword":39,"minecraft:rotten_flesh":6,"minecraft:cooked_chicken":22,"minecraft:torch":38,"minecraft:carrot":2,"minecraft:dark_oak_planks":1,"minecraft:bow":10,"minecraft:furnace":3,"minecraft:cooked_beef":3,"minecraft:polished_andesite":17,"minecraft:stone_pickaxe":66,"minecraft:wooden_pickaxe":34,"minecraft:cracked_stone_bricks":2,"minecraft:golden_apple":1,"minecraft:music_disc_cat":1,"minecraft:crafting_table":2,"minecraft:lime_bed":2,"minecraft:apple":4,"minecraft:string":1,"minecraft:stone_axe":17,"minecraft:wooden_sword":24,"minecraft:cobblestone":11,"minecraft:potion":1,"minecraft:golden_pickaxe":6},"minecraft:killed":{"minecraft:spider":6,"minecraft:skeleton":13,"minecraft:chicken":2,"minecraft:zombie_villager":1,"minecraft:salmon":3,"minecraft:creeper":1,"minecraft:zombie":19},"minecraft:broken":{"minecraft:leather_leggings":1},"minecraft:crafted":{"minecraft:wooden_sword":2,"minecraft:oak_planks":28,"minecraft:cooked_chicken":1,"minecraft:furnace":2,"minecraft:stone_pickaxe":2,"minecraft:chest":1,"minecraft:crafting_table":2,"minecraft:spruce_planks":8,"minecraft:wooden_pickaxe":1,"minecraft:iron_sword":1,"minecraft:stone_axe":1,"minecraft:stick":30,"minecraft:iron_ingot":3,"minecraft:stone_sword":1,"minecraft:torch":14},"minecraft:picked_up":{"minecraft:wooden_axe":1,"minecraft:charcoal":1,"minecraft:crafting_table":2,"minecraft:chainmail_boots":6,"minecraft:chicken":3,"minecraft:leather_leggings":1,"minecraft:clay_ball":4,"minecraft:golden_pickaxe":4,"minecraft:lead":2,"minecraft:wooden_pickaxe":11,"minecraft:potion":16,"minecraft:enchanted_book":1,"minecraft:stone_brick_stairs":2,"minecraft:shield":6,"minecraft:string":13,"minecraft:iron_axe":1,"minecraft:wooden_sword":4,"minecraft:iron_shovel":4,"minecraft:cracked_stone_bricks":19,"minecraft:gold_nugget":115,"minecraft:spruce_planks":160,"minecraft:iron_nugget":14,"minecraft:iron_pickaxe":1,"minecraft:melon_slice":3,"minecraft:furnace":1,"minecraft:stick":81,"minecraft:torch":102,"minecraft:diorite":16,"minecraft:carrot":11,"minecraft:redstone":12,"minecraft:dark_oak_planks":271,"minecraft:stone_sword":9,"minecraft:arrow":76,"minecraft:rotten_flesh":185,"minecraft:peony":2,"minecraft:gold_ingot":13,"minecraft:iron_bars":10,"minecraft:cobblestone":67,"minecraft:lime_bed":7,"minecraft:feather":2,"minecraft:cooked_beef":8,"minecraft:salmon":6,"minecraft:andesite":3,"minecraft:potato":8,"minecraft:birch_planks":135,"minecraft:flint":1,"minecraft:oak_log":7,"minecraft:chainmail_chestplate":8,"minecraft:gunpowder":46,"minecraft:dirt":34,"minecraft:bone":46,"minecraft:apple":8,"minecraft:bow":8,"minecraft:wheat_seeds":29,"minecraft:cooked_chicken":97,"minecraft:iron_ingot":11,"minecraft:stone_pickaxe":16,"minecraft:iron_ore":21,"minecraft:glass_bottle":7,"minecraft:oak_planks":62,"minecraft:iron_sword":10,"minecraft:mossy_stone_brick_stairs":1,"minecraft:book":9,"minecraft:polished_andesite_stairs":4,"minecraft:chiseled_stone_bricks":10,"minecraft:dead_bush":5,"minecraft:spruce_log":2,"minecraft:spider_eye":14,"minecraft:polished_andesite":209,"minecraft:yellow_carpet":3,"minecraft:stone_axe":2,"minecraft:chainmail_leggings":11,"duneons:spideregg":4,"minecraft:golden_apple":6,"minecraft:chainmail_helmet":20,"minecraft:baked_potato":2,"minecraft:stripped_dark_oak_log":6,"minecraft:coal":244,"minecraft:ender_pearl":5}},"DataVersion":2586}