{"stats":{"minecraft:custom":{"minecraft:mob_kills":69,"minecraft:interact_with_crafting_table":39,"minecraft:damage_dealt_resisted":954,"minecraft:leave_game":9,"minecraft:time_since_death":7543,"minecraft:climb_one_cm":32154,"minecraft:sprint_one_cm":717648,"minecraft:walk_one_cm":1053279,"minecraft:damage_blocked_by_shield":1120,"minecraft:drop":204,"minecraft:deaths":62,"minecraft:sneak_time":2768,"minecraft:walk_under_water_one_cm":4824,"minecraft:jump":2503,"minecraft:interact_with_brewingstand":1,"minecraft:walk_on_water_one_cm":8410,"minecraft:interact_with_furnace":25,"minecraft:play_record":1,"minecraft:play_one_minute":262120,"minecraft:sleep_in_bed":2,"minecraft:time_since_rest":7677,"minecraft:damage_taken":19565,"minecraft:damage_absorbed":41,"minecraft:damage_dealt":14644,"minecraft:player_kills":6,"minecraft:swim_one_cm":8112,"minecraft:fly_one_cm":126616,"minecraft:open_chest":108,"minecraft:crouch_one_cm":3921,"minecraft:fall_one_cm":36128},"minecraft:used":{"minecraft:stone_sword":147,"minecraft:iron_bars":1,"duneons:swamplog":2,"minecraft:chest":1,"minecraft:shield":23,"minecraft:iron_sword":202,"minecraft:netherrack":1,"minecraft:cooked_chicken":28,"minecraft:rotten_flesh":25,"minecraft:torch":65,"minecraft:nether_bricks":5,"minecraft:carrot":2,"minecraft:dark_oak_planks":1,"minecraft:iron_axe":36,"minecraft:bow":14,"minecraft:furnace":4,"minecraft:cooked_beef":3,"minecraft:mossy_stone_bricks":6,"minecraft:birch_planks":5,"minecraft:stone_pickaxe":172,"minecraft:polished_andesite":22,"minecraft:wooden_pickaxe":61,"minecraft:diamond_axe":7,"minecraft:cracked_stone_bricks":2,"minecraft:salmon":1,"minecraft:golden_apple":1,"minecraft:mossy_cobblestone":5,"minecraft:music_disc_cat":1,"minecraft:lime_bed":5,"minecraft:crafting_table":6,"minecraft:diamond_pickaxe":8,"minecraft:apple":4,"minecraft:string":1,"minecraft:iron_pickaxe":1,"minecraft:stone_axe":58,"minecraft:nether_wart_block":1,"minecraft:cobblestone":56,"minecraft:wooden_sword":24,"minecraft:potion":4,"minecraft:andesite":2,"minecraft:golden_pickaxe":16},"minecraft:dropped":{"minecraft:enchanted_book":1,"minecraft:iron_ingot":47,"minecraft:iron_sword":5,"minecraft:birch_planks":44,"minecraft:lapis_lazuli":12,"minecraft:baked_potato":2,"minecraft:mossy_cobblestone":1,"minecraft:golden_pickaxe":1,"minecraft:glass_bottle":1,"minecraft:ender_pearl":2,"minecraft:cobblestone":10,"minecraft:book":3,"minecraft:mossy_stone_brick_stairs":1,"minecraft:chainmail_helmet":4,"minecraft:coal":190,"minecraft:golden_apple":3,"minecraft:stick":64,"minecraft:polished_andesite":30,"minecraft:torch":43,"minecraft:diamond_helmet":1,"minecraft:potion":1,"minecraft:dead_bush":2,"minecraft:gold_nugget":111,"minecraft:iron_axe":4,"minecraft:iron_pickaxe":3,"minecraft:chainmail_leggings":1,"minecraft:iron_shovel":1,"minecraft:dark_oak_planks":201,"minecraft:string":9,"minecraft:gold_ingot":10,"minecraft:redstone":3,"minecraft:stone_axe":1,"minecraft:cooked_chicken":34,"iceandfire:witherbone":8,"minecraft:rotten_flesh":129,"minecraft:oak_planks":1,"minecraft:carrot":17,"minecraft:chainmail_chestplate":5,"minecraft:chiseled_stone_bricks":2,"minecraft:lime_bed":1,"minecraft:shield":3,"minecraft:spruce_planks":54,"minecraft:iron_chestplate":2,"minecraft:diamond_pickaxe":2,"minecraft:chainmail_boots":1,"minecraft:spider_eye":3,"minecraft:iron_ore":18,"minecraft:iron_bars":5,"minecraft:arrow":33,"minecraft:wooden_pickaxe":1,"minecraft:stone_brick_stairs":2},"minecraft:crafted":{"minecraft:wooden_sword":2,"minecraft:oak_planks":80,"minecraft:cooked_chicken":1,"minecraft:furnace":3,"minecraft:stone_pickaxe":4,"minecraft:chest":1,"minecraft:crafting_table":5,"minecraft:spruce_planks":8,"minecraft:wooden_pickaxe":3,"minecraft:iron_helmet":1,"minecraft:iron_sword":2,"minecraft:stone_axe":2,"minecraft:air":0,"minecraft:iron_chestplate":1,"minecraft:stick":118,"minecraft:iron_pickaxe":1,"minecraft:iron_ingot":15,"minecraft:stone_sword":2,"minecraft:torch":30},"minecraft:broken":{"minecraft:leather_leggings":1,"minecraft:leather_boots":1},"minecraft:mined":{"minecraft:dark_oak_planks":5,"minecraft:spruce_planks":30,"minecraft:mossy_cobblestone":3,"minecraft:granite":1,"minecraft:nether_bricks":5,"minecraft:grass_block":7,"minecraft:spawner":11,"minecraft:iron_ore":20,"minecraft:fire":5,"minecraft:andesite":2,"minecraft:nether_brick_stairs":1,"minecraft:peony":1,"minecraft:mossy_stone_brick_stairs":1,"duneons:swamplog":2,"minecraft:bookshelf":1,"minecraft:vine":4,"minecraft:iron_bars":7,"minecraft:stone":117,"minecraft:soul_sand":1,"minecraft:crafting_table":1,"minecraft:tall_grass":2,"minecraft:cobblestone":7,"minecraft:diorite":11,"minecraft:wall_torch":1,"minecraft:birch_planks":5,"minecraft:lime_bed":5,"minecraft:nether_wart_block":1,"minecraft:spruce_log":2,"duneons:creeperwoodstallgrass":1,"minecraft:bee_nest":1,"minecraft:grass":7,"minecraft:coal_ore":19,"minecraft:oak_log":20,"minecraft:sunflower":1,"minecraft:dirt":13,"minecraft:stone_bricks":2,"minecraft:polished_andesite":15,"minecraft:netherrack":1,"minecraft:mossy_stone_bricks":3,"minecraft:oak_leaves":5},"minecraft:picked_up":{"minecraft:wooden_axe":1,"duneons:swamplog":2,"minecraft:charcoal":1,"minecraft:iron_chestplate":9,"minecraft:crafting_table":5,"iceandfire:witherbone":21,"minecraft:chainmail_boots":21,"minecraft:chicken":3,"minecraft:clay_ball":20,"minecraft:golden_pickaxe":18,"minecraft:leather_leggings":6,"minecraft:brown_mushroom":3,"minecraft:lead":2,"minecraft:wooden_pickaxe":21,"minecraft:potion":63,"minecraft:enchanted_book":15,"minecraft:stone_brick_stairs":4,"minecraft:shield":27,"minecraft:string":78,"minecraft:iron_axe":13,"minecraft:wooden_sword":11,"minecraft:iron_shovel":9,"minecraft:cracked_stone_bricks":19,"minecraft:gold_nugget":130,"minecraft:spruce_planks":666,"minecraft:iron_nugget":14,"minecraft:iron_pickaxe":7,"minecraft:coal_block":3,"minecraft:melon_slice":3,"minecraft:egg":10,"minecraft:iron_boots":21,"minecraft:furnace":2,"minecraft:tipped_arrow":20,"minecraft:stick":338,"minecraft:torch":206,"minecraft:porkchop":8,"minecraft:diorite":31,"minecraft:carrot":38,"minecraft:redstone":12,"minecraft:golden_chestplate":1,"minecraft:dark_oak_planks":630,"minecraft:stone_sword":22,"minecraft:arrow":181,"minecraft:rotten_flesh":501,"minecraft:peony":2,"minecraft:nether_bricks":247,"minecraft:saddle":4,"minecraft:gold_ingot":29,"minecraft:iron_bars":41,"minecraft:cobblestone":318,"minecraft:lime_bed":15,"minecraft:feather":2,"minecraft:cooked_beef":18,"minecraft:salmon":7,"minecraft:andesite":5,"minecraft:golden_leggings":1,"minecraft:potato":8,"minecraft:birch_planks":200,"minecraft:flint":13,"minecraft:oak_log":20,"minecraft:chainmail_chestplate":53,"minecraft:nether_wart_block":1,"minecraft:gunpowder":164,"minecraft:lapis_lazuli":69,"minecraft:dirt":34,"minecraft:leather_boots":2,"minecraft:bone":80,"minecraft:apple":8,"minecraft:stone_bricks":4,"minecraft:bow":26,"minecraft:wheat_seeds":30,"minecraft:cobweb":4,"minecraft:iron_ingot":125,"minecraft:stone_pickaxe":29,"minecraft:cooked_chicken":207,"minecraft:iron_ore":45,"minecraft:mossy_stone_bricks":25,"minecraft:diamond_helmet":4,"minecraft:glass_bottle":16,"minecraft:soul_sand":6,"minecraft:iron_sword":30,"minecraft:oak_planks":114,"minecraft:mossy_stone_brick_stairs":11,"minecraft:book":18,"minecraft:polished_andesite_stairs":4,"minecraft:chiseled_stone_bricks":14,"minecraft:nether_brick_stairs":16,"minecraft:dead_bush":6,"minecraft:spruce_log":2,"minecraft:spider_eye":28,"minecraft:mossy_cobblestone":21,"minecraft:polished_andesite":550,"minecraft:diamond_shovel":9,"minecraft:yellow_carpet":3,"minecraft:diamond":8,"minecraft:stone_axe":22,"minecraft:chainmail_leggings":19,"duneons:spideregg":4,"duneons:flowerpatch":1,"minecraft:iron_helmet":11,"minecraft:granite":4,"minecraft:diamond_axe":5,"minecraft:bone_meal":1,"minecraft:golden_apple":8,"minecraft:chainmail_helmet":48,"minecraft:baked_potato":2,"minecraft:oak_sapling":2,"minecraft:netherrack":1,"minecraft:stripped_dark_oak_log":6,"minecraft:coal":569,"minecraft:diamond_sword":2,"minecraft:diamond_pickaxe":19,"minecraft:ender_pearl":5},"minecraft:killed":{"minecraft:cave_spider":2,"minecraft:spider":6,"minecraft:skeleton":13,"minecraft:chicken":2,"minecraft:pig":4,"minecraft:zombie_villager":1,"minecraft:salmon":3,"minecraft:creeper":1,"minecraft:zombie":37,"minecraft:stray":5},"minecraft:killed_by":{"minecraft:player":15,"minecraft:wither_skeleton":3,"minecraft:stray":7,"minecraft:creeper":1,"minecraft:spider":2,"mutantbeasts:mutant_skeleton":1,"minecraft:skeleton":5,"minecraft:zombie":27}},"DataVersion":2586}