{"stats":{"minecraft:mined":{"minecraft:spruce_planks":34,"minecraft:granite":58,"minecraft:acacia_log":10,"minecraft:grass_block":16,"duneons:stoneworld":26,"minecraft:red_stained_glass_pane":1,"minecraft:spawner":11,"minecraft:smooth_stone":1,"minecraft:iron_ore":133,"minecraft:fire":5,"minecraft:nether_brick_stairs":1,"minecraft:iron_bars":7,"minecraft:cobblestone":7,"minecraft:wall_torch":1,"minecraft:nether_wart_block":1,"minecraft:birch_log":3,"minecraft:wheat":18,"duneons:creeperwoodstallgrass":1,"minecraft:grass":31,"minecraft:oak_log":49,"minecraft:sand":10,"minecraft:dirt":58,"minecraft:netherrack":2,"minecraft:oak_leaves":7,"minecraft:diamond_ore":31,"duneons:bluevangardvase":1,"iceandfire:silver_ore":5,"minecraft:mossy_cobblestone":3,"minecraft:dark_oak_leaves":3,"minecraft:dark_oak_log":40,"minecraft:nether_bricks":5,"minecraft:black_stained_glass_pane":1,"minecraft:furnace":1,"minecraft:andesite":63,"minecraft:peony":1,"minecraft:gold_block":1,"minecraft:mossy_stone_brick_stairs":1,"minecraft:bookshelf":1,"duneons:swamplog":3,"minecraft:potatoes":2,"minecraft:vine":4,"duneons:mossendirt":5,"minecraft:stone":659,"minecraft:acacia_leaves":1,"minecraft:soul_sand":1,"minecraft:stripped_dark_oak_log":1,"minecraft:oak_fence":1,"minecraft:crafting_table":3,"duneons:coarsedirt_2":3,"minecraft:tall_grass":10,"minecraft:lapis_ore":1,"minecraft:diorite":50,"minecraft:birch_planks":5,"minecraft:lime_bed":6,"minecraft:spruce_log":2,"minecraft:bee_nest":1,"minecraft:coal_ore":122,"minecraft:sunflower":1,"minecraft:gravel":17,"minecraft:polished_andesite":15,"minecraft:stone_bricks":2,"minecraft:mossy_stone_bricks":3,"minecraft:dark_oak_planks":5},"minecraft:broken":{"minecraft:leather_leggings":1,"minecraft:stone_pickaxe":5,"minecraft:wooden_axe":1,"minecraft:wooden_pickaxe":1,"minecraft:leather_boots":1},"minecraft:killed":{"minecraft:cave_spider":2,"minecraft:spider":9,"minecraft:skeleton":13,"minecraft:chicken":9,"minecraft:pig":17,"minecraft:zombie_villager":2,"minecraft:salmon":4,"minecraft:creeper":1,"minecraft:sheep":2,"minecraft:zombie":44,"minecraft:stray":5,"minecraft:cow":2},"minecraft:used":{"duneons:swamplog":2,"minecraft:chest":4,"minecraft:shield":37,"minecraft:stone":11,"minecraft:iron_sword":221,"minecraft:rotten_flesh":26,"minecraft:mutton":1,"securitycraft:keypad_item":1,"minecraft:nether_bricks":6,"minecraft:carrot":2,"minecraft:bow":19,"minecraft:furnace":13,"minecraft:mossy_stone_bricks":6,"minecraft:diorite":17,"minecraft:stone_pickaxe":936,"minecraft:wooden_pickaxe":126,"minecraft:diamond_axe":7,"minecraft:golden_apple":1,"minecraft:string":1,"minecraft:nether_wart_block":1,"minecraft:diamond_sword":16,"minecraft:wooden_sword":24,"minecraft:andesite":29,"minecraft:golden_pickaxe":16,"minecraft:iron_bars":1,"minecraft:stone_sword":165,"securitycraft:keypad_chest":2,"minecraft:spruce_planks":3,"minecraft:cooked_chicken":31,"minecraft:netherrack":1,"minecraft:torch":67,"minecraft:dirt":15,"minecraft:wooden_axe":87,"minecraft:dark_oak_planks":1,"minecraft:iron_axe":64,"minecraft:cooked_beef":7,"minecraft:birch_planks":5,"minecraft:polished_andesite":22,"minecraft:baked_potato":1,"minecraft:cracked_stone_bricks":2,"minecraft:salmon":1,"minecraft:mossy_cobblestone":5,"minecraft:music_disc_cat":1,"minecraft:crafting_table":19,"minecraft:lime_bed":5,"minecraft:white_bed":2,"minecraft:diamond_pickaxe":45,"minecraft:apple":8,"minecraft:iron_pickaxe":156,"minecraft:stone_axe":75,"minecraft:cobblestone":76,"minecraft:potion":4,"minecraft:cooked_porkchop":8},"minecraft:picked_up":{"minecraft:wooden_axe":2,"minecraft:iron_chestplate":18,"minecraft:wheat":7,"minecraft:redstone_block":3,"minecraft:chainmail_boots":21,"minecraft:lead":3,"minecraft:diamond_sword":6,"minecraft:potion":64,"minecraft:enchanted_book":23,"minecraft:stone_brick_stairs":4,"minecraft:string":91,"duneons:coin":9,"minecraft:iron_leggings":2,"duneons:doubleaxe":3,"minecraft:gold_nugget":130,"minecraft:smooth_stone":2,"minecraft:spruce_planks":678,"minecraft:iron_pickaxe":15,"minecraft:melon_slice":3,"minecraft:coal_block":5,"minecraft:furnace":4,"minecraft:iron_boots":28,"minecraft:tipped_arrow":20,"minecraft:stick":352,"minecraft:oak_fence":3,"minecraft:torch":242,"minecraft:acacia_log":10,"iceandfire:silver_ore":5,"minecraft:porkchop":38,"minecraft:diorite":72,"minecraft:golden_chestplate":1,"minecraft:stone_sword":22,"minecraft:rotten_flesh":518,"minecraft:iron_bars":48,"minecraft:cobblestone":1064,"minecraft:birch_log":6,"minecraft:cooked_beef":18,"minecraft:feather":21,"minecraft:andesite":78,"minecraft:golden_leggings":1,"minecraft:potato":16,"minecraft:flint":15,"minecraft:lapis_lazuli":73,"minecraft:dirt":113,"minecraft:leather_boots":2,"securitycraft:reinforced_stone_button":27,"minecraft:glass":2,"minecraft:bone":80,"minecraft:acacia_planks":40,"duneons:mossendirt":5,"minecraft:bow":29,"minecraft:wheat_seeds":78,"minecraft:mossy_stone_bricks":25,"minecraft:diamond_helmet":8,"minecraft:oak_planks":252,"minecraft:mossy_stone_brick_stairs":11,"minecraft:cooked_porkchop":12,"minecraft:sand":10,"minecraft:nether_brick_stairs":26,"minecraft:ink_sac":3,"minecraft:dead_bush":6,"minecraft:dark_oak_log":40,"minecraft:mossy_cobblestone":23,"minecraft:polished_andesite":550,"minecraft:yellow_carpet":3,"minecraft:diamond":41,"duneons:flowerpatch":1,"minecraft:granite":61,"minecraft:bone_meal":3,"minecraft:golden_apple":8,"minecraft:bread":8,"minecraft:chainmail_helmet":48,"minecraft:oak_sapling":4,"minecraft:netherrack":1,"minecraft:diamond_pickaxe":23,"minecraft:charcoal":1,"minecraft:crafting_table":8,"iceandfire:witherbone":21,"minecraft:chicken":16,"minecraft:clay_ball":20,"duneons:swamplog":3,"minecraft:golden_pickaxe":18,"minecraft:leather_leggings":6,"minecraft:brown_mushroom":3,"minecraft:wooden_pickaxe":22,"minecraft:gold_block":2,"minecraft:shield":35,"minecraft:cornflower":4,"minecraft:flint_and_steel":2,"minecraft:wooden_sword":11,"minecraft:iron_axe":14,"minecraft:iron_shovel":9,"minecraft:glass_pane":12,"minecraft:cracked_stone_bricks":19,"minecraft:beef":4,"duneons:elytepowerbow":2,"minecraft:iron_nugget":14,"minecraft:egg":12,"minecraft:stone":1,"minecraft:fire_charge":1,"minecraft:carrot":38,"minecraft:redstone":24,"minecraft:dark_oak_planks":630,"minecraft:tnt":8,"minecraft:arrow":298,"minecraft:peony":2,"minecraft:nether_bricks":438,"minecraft:pink_tulip":1,"minecraft:saddle":4,"minecraft:gold_ingot":50,"minecraft:mutton":4,"minecraft:white_wool":4,"minecraft:lime_bed":16,"minecraft:salmon":7,"minecraft:birch_planks":203,"minecraft:oak_log":73,"minecraft:chainmail_chestplate":53,"minecraft:nether_wart_block":1,"minecraft:gunpowder":164,"minecraft:apple":17,"minecraft:stone_bricks":4,"duneons:crumsoncoresword":3,"minecraft:cobweb":4,"minecraft:iron_ingot":165,"minecraft:stone_pickaxe":31,"minecraft:cooked_chicken":207,"minecraft:iron_ore":158,"securitycraft:universal_block_reinforcer_lvl1":1,"minecraft:glass_bottle":19,"minecraft:iron_sword":39,"minecraft:soul_sand":7,"minecraft:book":18,"minecraft:polished_andesite_stairs":4,"minecraft:chiseled_stone_bricks":14,"duneons:coarsedirt_2":3,"minecraft:gravel":15,"minecraft:spruce_log":2,"duneons:maidhelemt_helmet":1,"minecraft:spider_eye":30,"minecraft:diamond_shovel":9,"minecraft:stone_axe":26,"duneons:spideregg":4,"minecraft:chainmail_leggings":19,"minecraft:iron_helmet":14,"minecraft:diamond_axe":6,"minecraft:baked_potato":2,"minecraft:stripped_dark_oak_log":7,"minecraft:coal":823,"minecraft:ender_pearl":5},"minecraft:crafted":{"minecraft:oak_planks":196,"minecraft:cooked_chicken":4,"minecraft:stone":30,"securitycraft:keypad_item":2,"minecraft:heavy_weighted_pressure_plate":2,"securitycraft:laser_block":1,"minecraft:glass":9,"minecraft:diamond_helmet":1,"minecraft:diamond_leggings":1,"minecraft:iron_boots":2,"minecraft:chest":4,"minecraft:cooked_porkchop":21,"minecraft:crafting_table":15,"minecraft:spruce_planks":8,"minecraft:iron_helmet":3,"minecraft:wooden_pickaxe":6,"minecraft:baked_potato":1,"minecraft:iron_chestplate":3,"minecraft:shield":1,"minecraft:stick":214,"minecraft:iron_pickaxe":6,"minecraft:iron_ingot":113,"minecraft:stone_sword":3,"securitycraft:universal_block_reinforcer_lvl1":1,"minecraft:wooden_sword":2,"minecraft:furnace":11,"minecraft:stone_button":18,"minecraft:glass_pane":16,"minecraft:iron_axe":1,"minecraft:stone_pickaxe":10,"minecraft:diamond_boots":1,"minecraft:dark_oak_planks":160,"minecraft:cooked_beef":4,"minecraft:iron_sword":3,"minecraft:stone_axe":2,"minecraft:air":0,"minecraft:wooden_axe":2,"minecraft:iron_leggings":2,"minecraft:acacia_planks":40,"minecraft:torch":98,"minecraft:diamond_chestplate":1},"minecraft:dropped":{"minecraft:nether_brick_stairs":4,"minecraft:iron_sword":5,"minecraft:birch_planks":46,"minecraft:diamond_axe":1,"minecraft:lapis_lazuli":12,"minecraft:baked_potato":2,"minecraft:glass_bottle":2,"minecraft:golden_pickaxe":1,"minecraft:ender_pearl":2,"minecraft:mossy_stone_brick_stairs":1,"minecraft:dirt":7,"minecraft:gold_nugget":111,"minecraft:iron_pickaxe":4,"minecraft:dark_oak_planks":201,"minecraft:gold_ingot":18,"minecraft:stone_axe":1,"minecraft:cooked_chicken":34,"minecraft:rotten_flesh":130,"minecraft:oak_planks":1,"minecraft:carrot":17,"securitycraft:keypad_item":1,"minecraft:chainmail_chestplate":5,"minecraft:chiseled_stone_bricks":2,"minecraft:lime_bed":1,"minecraft:chainmail_boots":1,"minecraft:iron_ore":18,"minecraft:iron_bars":5,"minecraft:arrow":33,"minecraft:stone_brick_stairs":2,"minecraft:enchanted_book":3,"minecraft:iron_ingot":47,"minecraft:wheat_seeds":15,"minecraft:mossy_cobblestone":1,"minecraft:cobblestone":14,"minecraft:book":3,"minecraft:chainmail_helmet":4,"minecraft:coal":190,"minecraft:golden_apple":3,"minecraft:coal_block":1,"minecraft:polished_andesite":30,"minecraft:stick":66,"minecraft:diorite":1,"minecraft:torch":43,"minecraft:diamond_helmet":1,"minecraft:potion":2,"minecraft:dead_bush":2,"minecraft:iron_axe":4,"minecraft:chainmail_leggings":1,"minecraft:iron_shovel":1,"minecraft:string":11,"minecraft:redstone":3,"iceandfire:witherbone":8,"minecraft:chicken":3,"minecraft:diamond_sword":1,"minecraft:potato":1,"minecraft:stone":1,"minecraft:shield":3,"minecraft:spruce_planks":56,"minecraft:iron_chestplate":2,"minecraft:diamond_pickaxe":3,"minecraft:andesite":6,"minecraft:oak_sapling":1,"minecraft:spider_eye":3,"minecraft:bow":1,"minecraft:stone_pickaxe":2,"minecraft:wooden_pickaxe":1,"securitycraft:universal_block_reinforcer_lvl1":1},"minecraft:killed_by":{"minecraft:wither_skeleton":3,"minecraft:creeper":1,"minecraft:vindicator":2,"minecraft:zombie":28,"duneons:wraith":1,"minecraft:player":21,"minecraft:stray":7,"minecraft:spider":2,"mutantbeasts:mutant_skeleton":4,"minecraft:skeleton":7},"minecraft:custom":{"minecraft:interact_with_crafting_table":92,"minecraft:bell_ring":1,"minecraft:leave_game":16,"minecraft:time_since_death":64651,"minecraft:sprint_one_cm":1494318,"minecraft:damage_blocked_by_shield":1660,"minecraft:drop":249,"minecraft:deaths":78,"minecraft:jump":4420,"minecraft:interact_with_brewingstand":1,"minecraft:walk_on_water_one_cm":31402,"minecraft:interact_with_furnace":95,"minecraft:play_record":1,"minecraft:play_one_minute":480774,"minecraft:sleep_in_bed":5,"minecraft:damage_dealt":19030,"minecraft:player_kills":6,"minecraft:crouch_one_cm":7879,"minecraft:interact_with_smithing_table":1,"minecraft:mob_kills":105,"minecraft:damage_dealt_resisted":954,"minecraft:climb_one_cm":36508,"minecraft:walk_one_cm":1589884,"minecraft:sneak_time":5023,"minecraft:walk_under_water_one_cm":15531,"minecraft:time_since_rest":9122,"minecraft:damage_taken":24299,"minecraft:damage_absorbed":41,"minecraft:swim_one_cm":42853,"minecraft:fly_one_cm":733497,"minecraft:open_chest":138,"minecraft:fall_one_cm":61371}},"DataVersion":2586}