{"stats":{"minecraft:mined":{"minecraft:grass_block":1,"minecraft:grass":1,"minecraft:oak_log":7,"minecraft:oak_leaves":1,"minecraft:dirt":2},"minecraft:custom":{"minecraft:jump":205,"minecraft:leave_game":1,"minecraft:time_since_rest":8421,"minecraft:crouch_one_cm":57,"minecraft:play_one_minute":8421,"minecraft:sprint_one_cm":32762,"minecraft:damage_taken":90,"minecraft:time_since_death":8421,"minecraft:walk_one_cm":22022,"minecraft:sneak_time":6,"minecraft:fall_one_cm":5732,"minecraft:fly_one_cm":22256},"minecraft:picked_up":{"minecraft:stick":2,"minecraft:oak_log":7,"minecraft:dirt":2},"minecraft:crafted":{"minecraft:oak_planks":28}},"DataVersion":2586}