{"stats":{"minecraft:custom":{"minecraft:mob_kills":62,"minecraft:interact_with_crafting_table":36,"minecraft:damage_dealt_resisted":444,"minecraft:leave_game":9,"minecraft:time_since_death":1591,"minecraft:climb_one_cm":30109,"minecraft:sprint_one_cm":566859,"minecraft:walk_one_cm":953195,"minecraft:damage_blocked_by_shield":520,"minecraft:drop":203,"minecraft:deaths":58,"minecraft:sneak_time":2474,"minecraft:walk_under_water_one_cm":4563,"minecraft:jump":2276,"minecraft:interact_with_brewingstand":1,"minecraft:walk_on_water_one_cm":6853,"minecraft:interact_with_furnace":23,"minecraft:play_record":1,"minecraft:play_one_minute":238120,"minecraft:sleep_in_bed":2,"minecraft:time_since_rest":1628,"minecraft:damage_taken":18170,"minecraft:damage_absorbed":41,"minecraft:damage_dealt":13487,"minecraft:player_kills":6,"minecraft:swim_one_cm":7069,"minecraft:fly_one_cm":109293,"minecraft:open_chest":99,"minecraft:crouch_one_cm":3255,"minecraft:fall_one_cm":32189},"minecraft:used":{"minecraft:stone_sword":147,"minecraft:iron_bars":1,"duneons:swamplog":2,"minecraft:chest":1,"minecraft:shield":10,"minecraft:iron_sword":146,"minecraft:netherrack":1,"minecraft:cooked_chicken":28,"minecraft:rotten_flesh":17,"minecraft:torch":53,"minecraft:carrot":2,"minecraft:dark_oak_planks":1,"minecraft:iron_axe":36,"minecraft:bow":14,"minecraft:furnace":4,"minecraft:cooked_beef":3,"minecraft:mossy_stone_bricks":6,"minecraft:birch_planks":5,"minecraft:stone_pickaxe":172,"minecraft:polished_andesite":22,"minecraft:wooden_pickaxe":61,"minecraft:diamond_axe":7,"minecraft:cracked_stone_bricks":2,"minecraft:golden_apple":1,"minecraft:mossy_cobblestone":5,"minecraft:music_disc_cat":1,"minecraft:lime_bed":5,"minecraft:crafting_table":5,"minecraft:diamond_pickaxe":8,"minecraft:apple":4,"minecraft:string":1,"minecraft:stone_axe":44,"minecraft:nether_wart_block":1,"minecraft:cobblestone":41,"minecraft:wooden_sword":24,"minecraft:potion":3,"minecraft:andesite":2,"minecraft:golden_pickaxe":16},"minecraft:dropped":{"minecraft:enchanted_book":1,"minecraft:iron_ingot":47,"minecraft:iron_sword":5,"minecraft:birch_planks":44,"minecraft:lapis_lazuli":12,"minecraft:baked_potato":2,"minecraft:mossy_cobblestone":1,"minecraft:golden_pickaxe":1,"minecraft:glass_bottle":1,"minecraft:ender_pearl":2,"minecraft:cobblestone":10,"minecraft:book":3,"minecraft:mossy_stone_brick_stairs":1,"minecraft:chainmail_helmet":4,"minecraft:coal":190,"minecraft:golden_apple":3,"minecraft:stick":64,"minecraft:polished_andesite":30,"minecraft:torch":43,"minecraft:diamond_helmet":1,"minecraft:potion":1,"minecraft:dead_bush":2,"minecraft:gold_nugget":111,"minecraft:iron_axe":4,"minecraft:iron_pickaxe":3,"minecraft:chainmail_leggings":1,"minecraft:iron_shovel":1,"minecraft:dark_oak_planks":201,"minecraft:string":9,"minecraft:gold_ingot":10,"minecraft:redstone":3,"minecraft:stone_axe":1,"minecraft:cooked_chicken":34,"iceandfire:witherbone":8,"minecraft:rotten_flesh":128,"minecraft:oak_planks":1,"minecraft:carrot":17,"minecraft:chainmail_chestplate":5,"minecraft:chiseled_stone_bricks":2,"minecraft:lime_bed":1,"minecraft:shield":3,"minecraft:spruce_planks":54,"minecraft:iron_chestplate":2,"minecraft:diamond_pickaxe":2,"minecraft:chainmail_boots":1,"minecraft:spider_eye":3,"minecraft:iron_ore":18,"minecraft:iron_bars":5,"minecraft:arrow":33,"minecraft:wooden_pickaxe":1,"minecraft:stone_brick_stairs":2},"minecraft:crafted":{"minecraft:wooden_sword":2,"minecraft:oak_planks":28,"minecraft:cooked_chicken":1,"minecraft:furnace":3,"minecraft:stone_pickaxe":4,"minecraft:chest":1,"minecraft:crafting_table":3,"minecraft:spruce_planks":8,"minecraft:wooden_pickaxe":3,"minecraft:iron_helmet":1,"minecraft:iron_sword":2,"minecraft:stone_axe":2,"minecraft:air":0,"minecraft:iron_chestplate":1,"minecraft:stick":114,"minecraft:iron_pickaxe":1,"minecraft:iron_ingot":15,"minecraft:stone_sword":2,"minecraft:torch":22},"minecraft:broken":{"minecraft:leather_leggings":1,"minecraft:leather_boots":1},"minecraft:mined":{"minecraft:dark_oak_planks":5,"minecraft:spruce_planks":30,"minecraft:mossy_cobblestone":3,"minecraft:granite":1,"minecraft:nether_bricks":5,"minecraft:grass_block":7,"minecraft:spawner":10,"minecraft:iron_ore":20,"minecraft:fire":1,"minecraft:andesite":2,"minecraft:nether_brick_stairs":1,"minecraft:peony":1,"minecraft:mossy_stone_brick_stairs":1,"duneons:swamplog":2,"minecraft:bookshelf":1,"minecraft:vine":3,"minecraft:iron_bars":7,"minecraft:stone":117,"minecraft:soul_sand":1,"minecraft:crafting_table":1,"minecraft:cobblestone":7,"minecraft:diorite":11,"minecraft:wall_torch":1,"minecraft:birch_planks":5,"minecraft:lime_bed":5,"minecraft:nether_wart_block":1,"minecraft:spruce_log":2,"minecraft:bee_nest":1,"minecraft:grass":2,"minecraft:coal_ore":19,"minecraft:oak_log":7,"minecraft:dirt":13,"minecraft:stone_bricks":2,"minecraft:polished_andesite":15,"minecraft:netherrack":1,"minecraft:mossy_stone_bricks":3,"minecraft:oak_leaves":4},"minecraft:picked_up":{"minecraft:wooden_axe":1,"duneons:swamplog":2,"minecraft:charcoal":1,"minecraft:iron_chestplate":5,"minecraft:crafting_table":5,"iceandfire:witherbone":21,"minecraft:chainmail_boots":21,"minecraft:chicken":3,"minecraft:clay_ball":20,"minecraft:golden_pickaxe":18,"minecraft:leather_leggings":6,"minecraft:brown_mushroom":3,"minecraft:lead":2,"minecraft:wooden_pickaxe":20,"minecraft:potion":62,"minecraft:enchanted_book":9,"minecraft:stone_brick_stairs":4,"minecraft:shield":22,"minecraft:string":72,"minecraft:iron_axe":13,"minecraft:wooden_sword":11,"minecraft:iron_shovel":9,"minecraft:cracked_stone_bricks":19,"minecraft:gold_nugget":130,"minecraft:spruce_planks":652,"minecraft:iron_nugget":14,"minecraft:iron_pickaxe":5,"minecraft:melon_slice":3,"minecraft:egg":10,"minecraft:iron_boots":18,"minecraft:furnace":2,"minecraft:tipped_arrow":20,"minecraft:stick":336,"minecraft:torch":199,"minecraft:diorite":25,"minecraft:carrot":38,"minecraft:redstone":12,"minecraft:golden_chestplate":1,"minecraft:dark_oak_planks":630,"minecraft:stone_sword":22,"minecraft:arrow":145,"minecraft:rotten_flesh":500,"minecraft:peony":2,"minecraft:nether_bricks":7,"minecraft:saddle":4,"minecraft:gold_ingot":13,"minecraft:iron_bars":39,"minecraft:cobblestone":211,"minecraft:lime_bed":15,"minecraft:feather":2,"minecraft:cooked_beef":18,"minecraft:salmon":6,"minecraft:andesite":5,"minecraft:golden_leggings":1,"minecraft:potato":8,"minecraft:birch_planks":197,"minecraft:flint":13,"minecraft:oak_log":7,"minecraft:chainmail_chestplate":53,"minecraft:nether_wart_block":1,"minecraft:gunpowder":164,"minecraft:lapis_lazuli":69,"minecraft:dirt":34,"minecraft:leather_boots":2,"minecraft:bone":80,"minecraft:apple":8,"minecraft:stone_bricks":4,"minecraft:bow":26,"minecraft:wheat_seeds":29,"minecraft:cobweb":4,"minecraft:iron_ingot":125,"minecraft:stone_pickaxe":29,"minecraft:cooked_chicken":207,"minecraft:iron_ore":45,"minecraft:mossy_stone_bricks":25,"minecraft:diamond_helmet":4,"minecraft:glass_bottle":14,"minecraft:soul_sand":3,"minecraft:iron_sword":27,"minecraft:oak_planks":62,"minecraft:mossy_stone_brick_stairs":11,"minecraft:book":18,"minecraft:polished_andesite_stairs":4,"minecraft:chiseled_stone_bricks":14,"minecraft:nether_brick_stairs":10,"minecraft:dead_bush":6,"minecraft:spruce_log":2,"minecraft:spider_eye":28,"minecraft:mossy_cobblestone":21,"minecraft:polished_andesite":550,"minecraft:diamond_shovel":8,"minecraft:yellow_carpet":3,"minecraft:diamond":7,"minecraft:stone_axe":19,"minecraft:chainmail_leggings":19,"duneons:spideregg":4,"duneons:flowerpatch":1,"minecraft:iron_helmet":9,"minecraft:granite":2,"minecraft:diamond_axe":5,"minecraft:golden_apple":8,"minecraft:chainmail_helmet":48,"minecraft:baked_potato":2,"minecraft:netherrack":1,"minecraft:stripped_dark_oak_log":6,"minecraft:coal":513,"minecraft:diamond_pickaxe":17,"minecraft:ender_pearl":5},"minecraft:killed":{"minecraft:cave_spider":2,"minecraft:spider":6,"minecraft:skeleton":13,"minecraft:chicken":2,"minecraft:zombie_villager":1,"minecraft:salmon":3,"minecraft:creeper":1,"minecraft:zombie":37,"minecraft:stray":2},"minecraft:killed_by":{"minecraft:player":15,"minecraft:wither_skeleton":3,"minecraft:stray":6,"minecraft:creeper":1,"minecraft:spider":2,"minecraft:skeleton":5,"minecraft:zombie":26}},"DataVersion":2586}