{"stats":{"minecraft:mined":{"minecraft:spruce_planks":30,"minecraft:mossy_cobblestone":3,"minecraft:nether_bricks":5,"minecraft:granite":1,"minecraft:acacia_log":10,"minecraft:grass_block":11,"duneons:stoneworld":17,"minecraft:spawner":11,"minecraft:red_stained_glass_pane":1,"minecraft:black_stained_glass_pane":1,"minecraft:furnace":1,"minecraft:iron_ore":36,"minecraft:fire":5,"minecraft:andesite":28,"minecraft:peony":1,"minecraft:gold_block":1,"minecraft:nether_brick_stairs":1,"minecraft:mossy_stone_brick_stairs":1,"duneons:swamplog":2,"minecraft:bookshelf":1,"minecraft:vine":4,"minecraft:iron_bars":7,"minecraft:stone":182,"minecraft:acacia_leaves":1,"minecraft:soul_sand":1,"minecraft:crafting_table":1,"minecraft:tall_grass":3,"minecraft:cobblestone":7,"minecraft:wall_torch":1,"minecraft:diorite":12,"minecraft:birch_planks":5,"minecraft:lime_bed":5,"minecraft:nether_wart_block":1,"minecraft:spruce_log":2,"duneons:creeperwoodstallgrass":1,"minecraft:bee_nest":1,"minecraft:grass":14,"minecraft:coal_ore":57,"minecraft:oak_log":20,"minecraft:sunflower":1,"minecraft:dirt":37,"minecraft:sand":9,"minecraft:stone_bricks":2,"minecraft:polished_andesite":15,"minecraft:netherrack":2,"minecraft:mossy_stone_bricks":3,"minecraft:oak_leaves":5,"duneons:bluevangardvase":1,"minecraft:dark_oak_planks":5},"minecraft:killed_by":{"minecraft:player":15,"minecraft:wither_skeleton":3,"minecraft:stray":7,"minecraft:creeper":1,"minecraft:spider":2,"mutantbeasts:mutant_skeleton":3,"minecraft:vindicator":2,"minecraft:skeleton":6,"minecraft:zombie":28},"minecraft:broken":{"minecraft:leather_leggings":1,"minecraft:stone_pickaxe":1,"minecraft:leather_boots":1},"minecraft:dropped":{"minecraft:nether_brick_stairs":4,"minecraft:enchanted_book":1,"minecraft:iron_ingot":47,"minecraft:iron_sword":5,"minecraft:birch_planks":46,"minecraft:wheat_seeds":4,"minecraft:lapis_lazuli":12,"minecraft:baked_potato":2,"minecraft:glass_bottle":2,"minecraft:mossy_cobblestone":1,"minecraft:golden_pickaxe":1,"minecraft:ender_pearl":2,"minecraft:book":3,"minecraft:cobblestone":14,"minecraft:mossy_stone_brick_stairs":1,"minecraft:chainmail_helmet":4,"minecraft:coal":190,"minecraft:golden_apple":3,"minecraft:coal_block":1,"minecraft:stick":66,"minecraft:polished_andesite":30,"minecraft:diorite":1,"minecraft:torch":43,"minecraft:diamond_helmet":1,"minecraft:potion":1,"minecraft:dead_bush":2,"minecraft:gold_nugget":111,"minecraft:iron_axe":4,"minecraft:iron_pickaxe":3,"minecraft:iron_shovel":1,"minecraft:chainmail_leggings":1,"minecraft:dark_oak_planks":201,"minecraft:string":9,"minecraft:gold_ingot":18,"minecraft:redstone":3,"minecraft:stone_axe":1,"minecraft:cooked_chicken":34,"iceandfire:witherbone":8,"minecraft:chicken":3,"minecraft:rotten_flesh":129,"minecraft:oak_planks":1,"minecraft:carrot":17,"securitycraft:keypad_item":1,"minecraft:chainmail_chestplate":5,"minecraft:chiseled_stone_bricks":2,"minecraft:lime_bed":1,"minecraft:shield":3,"minecraft:spruce_planks":56,"minecraft:diamond_pickaxe":2,"minecraft:iron_chestplate":2,"minecraft:oak_sapling":1,"minecraft:chainmail_boots":1,"minecraft:spider_eye":3,"minecraft:iron_ore":18,"minecraft:iron_bars":5,"minecraft:arrow":33,"minecraft:wooden_pickaxe":1,"securitycraft:universal_block_reinforcer_lvl1":1,"minecraft:stone_brick_stairs":2},"minecraft:custom":{"minecraft:interact_with_crafting_table":67,"minecraft:damage_dealt_resisted":954,"minecraft:leave_game":13,"minecraft:time_since_death":23010,"minecraft:climb_one_cm":36084,"minecraft:sprint_one_cm":1077357,"minecraft:walk_one_cm":1323431,"minecraft:damage_blocked_by_shield":1580,"minecraft:drop":223,"minecraft:deaths":68,"minecraft:sneak_time":2835,"minecraft:walk_under_water_one_cm":11362,"minecraft:jump":3433,"minecraft:interact_with_brewingstand":1,"minecraft:walk_on_water_one_cm":19945,"minecraft:interact_with_furnace":54,"minecraft:play_record":1,"minecraft:play_one_minute":357524,"minecraft:sleep_in_bed":3,"minecraft:time_since_rest":23044,"minecraft:damage_taken":21443,"minecraft:damage_absorbed":41,"minecraft:damage_dealt":15993,"minecraft:player_kills":6,"minecraft:swim_one_cm":12899,"minecraft:fly_one_cm":219936,"minecraft:open_chest":119,"minecraft:crouch_one_cm":4207,"minecraft:interact_with_smithing_table":1,"minecraft:fall_one_cm":50506,"minecraft:mob_kills":77},"minecraft:used":{"duneons:swamplog":2,"minecraft:chest":3,"minecraft:shield":34,"minecraft:stone":11,"minecraft:iron_sword":209,"minecraft:cooked_chicken":28,"minecraft:rotten_flesh":25,"minecraft:netherrack":1,"minecraft:torch":67,"securitycraft:keypad_item":1,"minecraft:nether_bricks":6,"minecraft:carrot":2,"minecraft:dark_oak_planks":1,"minecraft:iron_axe":36,"minecraft:bow":14,"minecraft:furnace":8,"minecraft:cooked_beef":3,"minecraft:mossy_stone_bricks":6,"minecraft:birch_planks":5,"minecraft:stone_pickaxe":303,"minecraft:polished_andesite":22,"minecraft:wooden_pickaxe":61,"minecraft:diamond_axe":7,"minecraft:cracked_stone_bricks":2,"minecraft:golden_apple":1,"minecraft:salmon":1,"minecraft:mossy_cobblestone":5,"minecraft:music_disc_cat":1,"minecraft:lime_bed":5,"minecraft:crafting_table":11,"minecraft:diamond_pickaxe":45,"minecraft:apple":4,"minecraft:string":1,"minecraft:iron_pickaxe":1,"minecraft:cobblestone":56,"minecraft:stone_axe":75,"minecraft:potion":4,"minecraft:nether_wart_block":1,"minecraft:diamond_sword":16,"minecraft:wooden_sword":24,"minecraft:cooked_porkchop":8,"minecraft:stone_sword":147,"minecraft:andesite":13,"minecraft:golden_pickaxe":16,"minecraft:iron_bars":1},"minecraft:killed":{"minecraft:cave_spider":2,"minecraft:spider":8,"minecraft:skeleton":13,"minecraft:chicken":5,"minecraft:pig":4,"minecraft:zombie_villager":2,"minecraft:salmon":3,"minecraft:creeper":1,"minecraft:zombie":39,"minecraft:stray":5},"minecraft:picked_up":{"minecraft:wooden_axe":1,"minecraft:charcoal":1,"minecraft:iron_chestplate":14,"minecraft:crafting_table":5,"minecraft:chicken":12,"minecraft:chainmail_boots":21,"minecraft:redstone_block":3,"iceandfire:witherbone":21,"minecraft:lead":2,"minecraft:clay_ball":20,"duneons:swamplog":2,"minecraft:golden_pickaxe":18,"minecraft:leather_leggings":6,"minecraft:diamond_sword":5,"minecraft:brown_mushroom":3,"minecraft:wooden_pickaxe":21,"minecraft:enchanted_book":21,"minecraft:gold_block":2,"minecraft:potion":63,"minecraft:stone_brick_stairs":4,"minecraft:shield":33,"minecraft:string":80,"duneons:coin":9,"minecraft:iron_axe":13,"minecraft:wooden_sword":11,"minecraft:flint_and_steel":2,"minecraft:iron_shovel":9,"duneons:doubleaxe":3,"minecraft:glass_pane":12,"minecraft:cracked_stone_bricks":19,"minecraft:gold_nugget":130,"minecraft:spruce_planks":672,"minecraft:iron_pickaxe":7,"duneons:elytepowerbow":2,"minecraft:iron_nugget":14,"minecraft:melon_slice":3,"minecraft:coal_block":5,"minecraft:egg":10,"minecraft:iron_boots":26,"minecraft:furnace":4,"minecraft:tipped_arrow":20,"minecraft:stick":348,"minecraft:torch":210,"minecraft:acacia_log":10,"minecraft:fire_charge":1,"minecraft:porkchop":14,"minecraft:diorite":34,"minecraft:carrot":38,"minecraft:redstone":24,"minecraft:golden_chestplate":1,"minecraft:dark_oak_planks":630,"minecraft:stone_sword":22,"minecraft:arrow":232,"minecraft:rotten_flesh":502,"minecraft:peony":2,"minecraft:nether_bricks":438,"minecraft:saddle":4,"minecraft:gold_ingot":45,"minecraft:mutton":1,"minecraft:iron_bars":46,"minecraft:cobblestone":431,"minecraft:lime_bed":15,"minecraft:feather":17,"minecraft:cooked_beef":18,"minecraft:andesite":31,"minecraft:salmon":7,"minecraft:golden_leggings":1,"minecraft:potato":8,"minecraft:birch_planks":203,"minecraft:flint":13,"minecraft:oak_log":20,"minecraft:chainmail_chestplate":53,"minecraft:nether_wart_block":1,"minecraft:gunpowder":164,"minecraft:lapis_lazuli":69,"minecraft:dirt":84,"minecraft:leather_boots":2,"securitycraft:reinforced_stone_button":27,"minecraft:glass":2,"minecraft:bone":80,"minecraft:acacia_planks":40,"minecraft:apple":17,"minecraft:stone_bricks":4,"minecraft:bow":26,"duneons:crumsoncoresword":3,"minecraft:wheat_seeds":38,"minecraft:iron_ore":61,"minecraft:iron_ingot":130,"minecraft:stone_pickaxe":29,"minecraft:cooked_chicken":207,"minecraft:cobweb":4,"securitycraft:universal_block_reinforcer_lvl1":1,"minecraft:mossy_stone_bricks":25,"minecraft:diamond_helmet":8,"minecraft:glass_bottle":19,"minecraft:oak_planks":232,"minecraft:iron_sword":36,"minecraft:soul_sand":7,"minecraft:mossy_stone_brick_stairs":11,"minecraft:book":18,"minecraft:polished_andesite_stairs":4,"minecraft:cooked_porkchop":12,"minecraft:chiseled_stone_bricks":14,"minecraft:sand":9,"minecraft:nether_brick_stairs":26,"minecraft:dead_bush":6,"minecraft:spruce_log":2,"minecraft:spider_eye":30,"minecraft:mossy_cobblestone":21,"minecraft:polished_andesite":550,"minecraft:diamond_shovel":9,"minecraft:yellow_carpet":3,"minecraft:diamond":10,"minecraft:stone_axe":26,"duneons:flowerpatch":1,"minecraft:chainmail_leggings":19,"duneons:spideregg":4,"minecraft:iron_helmet":11,"minecraft:diamond_axe":5,"minecraft:granite":4,"minecraft:bone_meal":3,"minecraft:golden_apple":8,"minecraft:chainmail_helmet":48,"minecraft:bread":8,"minecraft:baked_potato":2,"minecraft:oak_sapling":4,"minecraft:netherrack":1,"minecraft:stripped_dark_oak_log":6,"minecraft:coal":673,"minecraft:diamond_pickaxe":22,"minecraft:ender_pearl":5},"minecraft:crafted":{"minecraft:wooden_sword":2,"minecraft:oak_planks":80,"minecraft:cooked_chicken":1,"minecraft:furnace":6,"minecraft:stone_button":18,"minecraft:stone":29,"securitycraft:keypad_item":2,"minecraft:heavy_weighted_pressure_plate":2,"minecraft:glass_pane":16,"securitycraft:laser_block":1,"minecraft:glass":9,"minecraft:stone_pickaxe":5,"minecraft:chest":3,"minecraft:cooked_porkchop":8,"minecraft:crafting_table":9,"minecraft:spruce_planks":8,"minecraft:wooden_pickaxe":3,"minecraft:iron_helmet":1,"minecraft:iron_sword":2,"minecraft:stone_axe":2,"minecraft:air":0,"minecraft:iron_chestplate":1,"minecraft:stick":126,"minecraft:iron_ingot":23,"minecraft:iron_pickaxe":1,"minecraft:stone_sword":2,"minecraft:iron_leggings":1,"minecraft:acacia_planks":40,"minecraft:torch":66,"securitycraft:universal_block_reinforcer_lvl1":1}},"DataVersion":2586}