{
  "duneons:dangerouscreepers": {
    "criteria": {
      "dangerouscreepers": "2024-08-02 22:40:38 +0000"
    },
    "done": true
  },
  "iceandfire:iceandfire/root": {
    "criteria": {
      "tick": "2024-08-02 22:37:40 +0000"
    },
    "done": true
  },
  "mowziesmobs:root": {
    "criteria": {
      "custom_test_name": "2024-08-02 22:37:40 +0000"
    },
    "done": true
  },
  "minecraft:adventure/adventuring_time": {
    "criteria": {
      "minecraft:forest": "2024-08-02 22:37:40 +0000",
      "minecraft:mountains": "2024-08-02 22:39:48 +0000"
    },
    "done": false
  },
  "DataVersion": 2586
}